[{"model": "admin.logentry", "pk": 1, "fields": {"action_time": "2022-04-28T20:07:54.932Z", "user": 1, "content_type": 7, "object_id": "1", "object_repr": "ПушкинА.С.", "action_flag": 1, "change_message": "[{\"added\": {}}]"}}, {"model": "admin.logentry", "pk": 2, "fields": {"action_time": "2022-04-28T20:11:29.190Z", "user": 1, "content_type": 7, "object_id": "2", "object_repr": "Толстой Л.Н.", "action_flag": 1, "change_message": "[{\"added\": {}}]"}}, {"model": "admin.logentry", "pk": 3, "fields": {"action_time": "2022-04-28T20:12:33.902Z", "user": 1, "content_type": 7, "object_id": "3", "object_repr": "Тургенев И.С.", "action_flag": 1, "change_message": "[{\"added\": {}}]"}}, {"model": "admin.logentry", "pk": 4, "fields": {"action_time": "2022-04-28T20:13:23.200Z", "user": 1, "content_type": 7, "object_id": "4", "object_repr": "Чехов А.П.", "action_flag": 1, "change_message": "[{\"added\": {}}]"}}, {"model": "admin.logentry", "pk": 5, "fields": {"action_time": "2022-04-28T20:14:21.061Z", "user": 1, "content_type": 7, "object_id": "5", "object_repr": "Шолохов М.А.", "action_flag": 1, "change_message": "[{\"added\": {}}]"}}, {"model": "admin.logentry", "pk": 6, "fields": {"action_time": "2022-04-28T20:15:33.278Z", "user": 1, "content_type": 7, "object_id": "6", "object_repr": "Булгаков М.А.", "action_flag": 1, "change_message": "[{\"added\": {}}]"}}, {"model": "admin.logentry", "pk": 7, "fields": {"action_time": "2022-04-28T20:16:25.258Z", "user": 1, "content_type": 7, "object_id": "7", "object_repr": "Достоевский Ф.М.", "action_flag": 1, "change_message": "[{\"added\": {}}]"}}, {"model": "admin.logentry", "pk": 8, "fields": {"action_time": "2022-04-28T20:17:15.902Z", "user": 1, "content_type": 7, "object_id": "8", "object_repr": "Жуковский В.А.", "action_flag": 1, "change_message": "[{\"added\": {}}]"}}, {"model": "admin.logentry", "pk": 9, "fields": {"action_time": "2022-04-28T20:18:15.552Z", "user": 1, "content_type": 7, "object_id": "9", "object_repr": "Лермонтов М.Ю.", "action_flag": 1, "change_message": "[{\"added\": {}}]"}}, {"model": "admin.logentry", "pk": 10, "fields": {"action_time": "2022-04-28T20:39:03.263Z", "user": 1, "content_type": 7, "object_id": "10", "object_repr": "Вальтер С.", "action_flag": 1, "change_message": "[{\"added\": {}}]"}}, {"model": "admin.logentry", "pk": 11, "fields": {"action_time": "2022-04-28T20:39:59.083Z", "user": 1, "content_type": 7, "object_id": "10", "object_repr": "Скотт В.", "action_flag": 2, "change_message": "[{\"changed\": {\"fields\": [\"Surname\", \"Name\"]}}]"}}, {"model": "admin.logentry", "pk": 12, "fields": {"action_time": "2022-04-28T20:41:08.289Z", "user": 1, "content_type": 7, "object_id": "11", "object_repr": "Дюма А.", "action_flag": 1, "change_message": "[{\"added\": {}}]"}}, {"model": "admin.logentry", "pk": 13, "fields": {"action_time": "2022-04-28T20:43:07.634Z", "user": 1, "content_type": 7, "object_id": "12", "object_repr": "Ремарк Э.М.", "action_flag": 1, "change_message": "[{\"added\": {}}]"}}, {"model": "admin.logentry", "pk": 14, "fields": {"action_time": "2022-04-28T20:43:44.494Z", "user": 1, "content_type": 7, "object_id": "13", "object_repr": "Глуховский Д.А.", "action_flag": 1, "change_message": "[{\"added\": {}}]"}}, {"model": "admin.logentry", "pk": 15, "fields": {"action_time": "2022-04-28T20:44:03.469Z", "user": 1, "content_type": 9, "object_id": "1", "object_repr": "Проза", "action_flag": 1, "change_message": "[{\"added\": {}}]"}}, {"model": "admin.logentry", "pk": 16, "fields": {"action_time": "2022-04-28T20:44:12.849Z", "user": 1, "content_type": 9, "object_id": "2", "object_repr": "Роман", "action_flag": 1, "change_message": "[{\"added\": {}}]"}}, {"model": "admin.logentry", "pk": 17, "fields": {"action_time": "2022-04-28T20:44:19.381Z", "user": 1, "content_type": 9, "object_id": "3", "object_repr": "Повесть", "action_flag": 1, "change_message": "[{\"added\": {}}]"}}, {"model": "admin.logentry", "pk": 18, "fields": {"action_time": "2022-04-28T20:44:32.398Z", "user": 1, "content_type": 9, "object_id": "4", "object_repr": "Поэма", "action_flag": 1, "change_message": "[{\"added\": {}}]"}}, {"model": "admin.logentry", "pk": 19, "fields": {"action_time": "2022-04-28T20:45:28.137Z", "user": 1, "content_type": 9, "object_id": "5", "object_repr": "Рассказ", "action_flag": 1, "change_message": "[{\"added\": {}}]"}}, {"model": "admin.logentry", "pk": 20, "fields": {"action_time": "2022-04-28T20:45:36.163Z", "user": 1, "content_type": 9, "object_id": "6", "object_repr": "Басня", "action_flag": 1, "change_message": "[{\"added\": {}}]"}}, {"model": "admin.logentry", "pk": 21, "fields": {"action_time": "2022-04-28T20:46:51.469Z", "user": 1, "content_type": 10, "object_id": "1", "object_repr": "Русский", "action_flag": 1, "change_message": "[{\"added\": {}}]"}}, {"model": "admin.logentry", "pk": 22, "fields": {"action_time": "2022-04-28T20:46:59.758Z", "user": 1, "content_type": 10, "object_id": "2", "object_repr": "Немецкий", "action_flag": 1, "change_message": "[{\"added\": {}}]"}}, {"model": "admin.logentry", "pk": 23, "fields": {"action_time": "2022-04-28T20:47:07.617Z", "user": 1, "content_type": 10, "object_id": "3", "object_repr": "Французский", "action_flag": 1, "change_message": "[{\"added\": {}}]"}}, {"model": "admin.logentry", "pk": 24, "fields": {"action_time": "2022-04-28T20:47:50.604Z", "user": 1, "content_type": 10, "object_id": "4", "object_repr": "Английский", "action_flag": 1, "change_message": "[{\"added\": {}}]"}}, {"model": "admin.logentry", "pk": 25, "fields": {"action_time": "2022-04-28T20:50:19.422Z", "user": 1, "content_type": 8, "object_id": "1", "object_repr": "Руслан и Людмила", "action_flag": 1, "change_message": "[{\"added\": {}}]"}}, {"model": "admin.logentry", "pk": 26, "fields": {"action_time": "2022-04-28T20:50:48.768Z", "user": 1, "content_type": 8, "object_id": "2", "object_repr": "Капитанская дочка", "action_flag": 1, "change_message": "[{\"added\": {}}]"}}, {"model": "admin.logentry", "pk": 27, "fields": {"action_time": "2022-04-28T20:51:06.618Z", "user": 1, "content_type": 8, "object_id": "3", "object_repr": "Евгений Онегин", "action_flag": 1, "change_message": "[{\"added\": {}}]"}}, {"model": "admin.logentry", "pk": 28, "fields": {"action_time": "2022-04-28T20:51:40.981Z", "user": 1, "content_type": 9, "object_id": "7", "object_repr": "Сказка", "action_flag": 1, "change_message": "[{\"added\": {}}]"}}, {"model": "admin.logentry", "pk": 29, "fields": {"action_time": "2022-04-28T20:51:45.693Z", "user": 1, "content_type": 8, "object_id": "4", "object_repr": "Сказка о царе Салтане", "action_flag": 1, "change_message": "[{\"added\": {}}]"}}, {"model": "admin.logentry", "pk": 30, "fields": {"action_time": "2022-04-28T20:52:18.160Z", "user": 1, "content_type": 8, "object_id": "5", "object_repr": "Война и мир", "action_flag": 1, "change_message": "[{\"added\": {}}]"}}, {"model": "admin.logentry", "pk": 31, "fields": {"action_time": "2022-04-28T20:52:37.411Z", "user": 1, "content_type": 8, "object_id": "6", "object_repr": "Анна Каренина", "action_flag": 1, "change_message": "[{\"added\": {}}]"}}, {"model": "admin.logentry", "pk": 32, "fields": {"action_time": "2022-04-28T20:53:05.098Z", "user": 1, "content_type": 8, "object_id": "7", "object_repr": "Хаджи Мурат", "action_flag": 1, "change_message": "[{\"added\": {}}]"}}, {"model": "admin.logentry", "pk": 33, "fields": {"action_time": "2022-04-28T20:53:40.702Z", "user": 1, "content_type": 8, "object_id": "8", "object_repr": "Воскресенье", "action_flag": 1, "change_message": "[{\"added\": {}}]"}}, {"model": "admin.logentry", "pk": 34, "fields": {"action_time": "2022-04-28T20:54:02.293Z", "user": 1, "content_type": 8, "object_id": "9", "object_repr": "Отцы и дети", "action_flag": 1, "change_message": "[{\"added\": {}}]"}}, {"model": "admin.logentry", "pk": 35, "fields": {"action_time": "2022-04-28T20:54:28.757Z", "user": 1, "content_type": 8, "object_id": "10", "object_repr": "Ася", "action_flag": 1, "change_message": "[{\"added\": {}}]"}}, {"model": "admin.logentry", "pk": 36, "fields": {"action_time": "2022-04-28T20:54:46.009Z", "user": 1, "content_type": 8, "object_id": "11", "object_repr": "Каштанка", "action_flag": 1, "change_message": "[{\"added\": {}}]"}}, {"model": "admin.logentry", "pk": 37, "fields": {"action_time": "2022-04-28T20:55:01.583Z", "user": 1, "content_type": 8, "object_id": "12", "object_repr": "Палата №6", "action_flag": 1, "change_message": "[{\"added\": {}}]"}}, {"model": "admin.logentry", "pk": 38, "fields": {"action_time": "2022-04-28T20:55:23.644Z", "user": 1, "content_type": 9, "object_id": "8", "object_repr": "Пьеса", "action_flag": 1, "change_message": "[{\"added\": {}}]"}}, {"model": "admin.logentry", "pk": 39, "fields": {"action_time": "2022-04-28T20:55:27.171Z", "user": 1, "content_type": 8, "object_id": "13", "object_repr": "Вишневый сад", "action_flag": 1, "change_message": "[{\"added\": {}}]"}}, {"model": "admin.logentry", "pk": 40, "fields": {"action_time": "2022-04-28T20:55:50.410Z", "user": 1, "content_type": 8, "object_id": "14", "object_repr": "Тихий Дон", "action_flag": 1, "change_message": "[{\"added\": {}}]"}}, {"model": "admin.logentry", "pk": 41, "fields": {"action_time": "2022-04-28T20:56:07.529Z", "user": 1, "content_type": 8, "object_id": "15", "object_repr": "Поднятая целина", "action_flag": 1, "change_message": "[{\"added\": {}}]"}}, {"model": "admin.logentry", "pk": 42, "fields": {"action_time": "2022-04-28T20:56:26.234Z", "user": 1, "content_type": 8, "object_id": "16", "object_repr": "Мастер и Маргарита", "action_flag": 1, "change_message": "[{\"added\": {}}]"}}, {"model": "admin.logentry", "pk": 43, "fields": {"action_time": "2022-04-28T20:56:41.123Z", "user": 1, "content_type": 8, "object_id": "17", "object_repr": "Собачье сердце", "action_flag": 1, "change_message": "[{\"added\": {}}]"}}, {"model": "admin.logentry", "pk": 44, "fields": {"action_time": "2022-04-28T20:56:59.383Z", "user": 1, "content_type": 8, "object_id": "18", "object_repr": "Идиот", "action_flag": 1, "change_message": "[{\"added\": {}}]"}}, {"model": "admin.logentry", "pk": 45, "fields": {"action_time": "2022-04-28T20:57:16.784Z", "user": 1, "content_type": 8, "object_id": "19", "object_repr": "Преступление и наказание", "action_flag": 1, "change_message": "[{\"added\": {}}]"}}, {"model": "admin.logentry", "pk": 46, "fields": {"action_time": "2022-04-28T20:57:31.118Z", "user": 1, "content_type": 8, "object_id": "20", "object_repr": "Бесы", "action_flag": 1, "change_message": "[{\"added\": {}}]"}}, {"model": "admin.logentry", "pk": 47, "fields": {"action_time": "2022-04-28T20:59:01.813Z", "user": 1, "content_type": 9, "object_id": "9", "object_repr": "Стихотворение", "action_flag": 1, "change_message": "[{\"added\": {}}]"}}, {"model": "admin.logentry", "pk": 48, "fields": {"action_time": "2022-04-28T20:59:11.477Z", "user": 1, "content_type": 8, "object_id": "21", "object_repr": "Собрание сочинений", "action_flag": 1, "change_message": "[{\"added\": {}}]"}}, {"model": "admin.logentry", "pk": 49, "fields": {"action_time": "2022-04-28T20:59:43.782Z", "user": 1, "content_type": 8, "object_id": "22", "object_repr": "Герой нашего времени", "action_flag": 1, "change_message": "[{\"added\": {}}]"}}, {"model": "admin.logentry", "pk": 50, "fields": {"action_time": "2022-04-28T21:00:02.473Z", "user": 1, "content_type": 8, "object_id": "23", "object_repr": "Смерть поэта", "action_flag": 1, "change_message": "[{\"added\": {}}]"}}, {"model": "admin.logentry", "pk": 51, "fields": {"action_time": "2022-04-28T21:00:25.670Z", "user": 1, "content_type": 8, "object_id": "24", "object_repr": "Мцыри", "action_flag": 1, "change_message": "[{\"added\": {}}]"}}, {"model": "admin.logentry", "pk": 52, "fields": {"action_time": "2022-04-28T21:01:17.514Z", "user": 1, "content_type": 8, "object_id": "25", "object_repr": "Черный карлик", "action_flag": 1, "change_message": "[{\"added\": {}}]"}}, {"model": "admin.logentry", "pk": 53, "fields": {"action_time": "2022-04-28T21:01:44.460Z", "user": 1, "content_type": 8, "object_id": "26", "object_repr": "Айвенго", "action_flag": 1, "change_message": "[{\"added\": {}}]"}}, {"model": "admin.logentry", "pk": 54, "fields": {"action_time": "2022-04-28T21:02:21.011Z", "user": 1, "content_type": 8, "object_id": "27", "object_repr": "Мармион", "action_flag": 1, "change_message": "[{\"added\": {}}]"}}, {"model": "admin.logentry", "pk": 55, "fields": {"action_time": "2022-04-28T21:02:47.168Z", "user": 1, "content_type": 8, "object_id": "28", "object_repr": "Три мушкетера", "action_flag": 1, "change_message": "[{\"added\": {}}]"}}, {"model": "admin.logentry", "pk": 56, "fields": {"action_time": "2022-04-28T21:03:17.646Z", "user": 1, "content_type": 8, "object_id": "29", "object_repr": "Граф Монте Кристо", "action_flag": 1, "change_message": "[{\"added\": {}}]"}}, {"model": "admin.logentry", "pk": 57, "fields": {"action_time": "2022-04-28T21:04:05.031Z", "user": 1, "content_type": 8, "object_id": "30", "object_repr": "На Западном фронте без перемен", "action_flag": 1, "change_message": "[{\"added\": {}}]"}}, {"model": "admin.logentry", "pk": 58, "fields": {"action_time": "2022-04-28T21:04:21.593Z", "user": 1, "content_type": 8, "object_id": "31", "object_repr": "Три товарища", "action_flag": 1, "change_message": "[{\"added\": {}}]"}}, {"model": "admin.logentry", "pk": 59, "fields": {"action_time": "2022-04-28T21:04:52.123Z", "user": 1, "content_type": 8, "object_id": "32", "object_repr": "Метро 2033", "action_flag": 1, "change_message": "[{\"added\": {}}]"}}, {"model": "admin.logentry", "pk": 60, "fields": {"action_time": "2022-04-28T21:05:04.741Z", "user": 1, "content_type": 8, "object_id": "33", "object_repr": "Текст", "action_flag": 1, "change_message": "[{\"added\": {}}]"}}, {"model": "admin.logentry", "pk": 61, "fields": {"action_time": "2022-04-30T17:42:51.581Z", "user": 1, "content_type": 8, "object_id": "26", "object_repr": "Айвенго", "action_flag": 2, "change_message": "[{\"changed\": {\"fields\": [\"Summary\"]}}]"}}, {"model": "admin.logentry", "pk": 62, "fields": {"action_time": "2022-04-30T17:43:37.660Z", "user": 1, "content_type": 8, "object_id": "6", "object_repr": "Анна Каренина", "action_flag": 2, "change_message": "[{\"changed\": {\"fields\": [\"Summary\"]}}]"}}, {"model": "admin.logentry", "pk": 63, "fields": {"action_time": "2022-04-30T17:44:15.717Z", "user": 1, "content_type": 8, "object_id": "10", "object_repr": "Ася", "action_flag": 2, "change_message": "[{\"changed\": {\"fields\": [\"Summary\"]}}]"}}, {"model": "admin.logentry", "pk": 64, "fields": {"action_time": "2022-04-30T17:44:54.948Z", "user": 1, "content_type": 8, "object_id": "20", "object_repr": "Бесы", "action_flag": 2, "change_message": "[{\"changed\": {\"fields\": [\"Summary\"]}}]"}}, {"model": "admin.logentry", "pk": 65, "fields": {"action_time": "2022-04-30T17:45:48.728Z", "user": 1, "content_type": 8, "object_id": "13", "object_repr": "Вишневый сад", "action_flag": 2, "change_message": "[{\"changed\": {\"fields\": [\"Summary\"]}}]"}}, {"model": "admin.logentry", "pk": 66, "fields": {"action_time": "2022-04-30T17:46:32.040Z", "user": 1, "content_type": 8, "object_id": "5", "object_repr": "Война и мир", "action_flag": 2, "change_message": "[{\"changed\": {\"fields\": [\"Summary\"]}}]"}}, {"model": "admin.logentry", "pk": 67, "fields": {"action_time": "2022-04-30T17:47:47.953Z", "user": 1, "content_type": 8, "object_id": "8", "object_repr": "Воскресенье", "action_flag": 2, "change_message": "[{\"changed\": {\"fields\": [\"Summary\"]}}]"}}, {"model": "admin.logentry", "pk": 68, "fields": {"action_time": "2022-04-30T17:48:17.335Z", "user": 1, "content_type": 8, "object_id": "22", "object_repr": "Герой нашего времени", "action_flag": 2, "change_message": "[{\"changed\": {\"fields\": [\"Summary\"]}}]"}}, {"model": "admin.logentry", "pk": 69, "fields": {"action_time": "2022-04-30T17:48:56.200Z", "user": 1, "content_type": 8, "object_id": "29", "object_repr": "Граф Монте Кристо", "action_flag": 2, "change_message": "[{\"changed\": {\"fields\": [\"Summary\"]}}]"}}, {"model": "admin.logentry", "pk": 70, "fields": {"action_time": "2022-04-30T17:49:22.741Z", "user": 1, "content_type": 8, "object_id": "3", "object_repr": "Евгений Онегин", "action_flag": 2, "change_message": "[{\"changed\": {\"fields\": [\"Summary\"]}}]"}}, {"model": "admin.logentry", "pk": 71, "fields": {"action_time": "2022-04-30T17:49:46.525Z", "user": 1, "content_type": 8, "object_id": "18", "object_repr": "Идиот", "action_flag": 2, "change_message": "[{\"changed\": {\"fields\": [\"Summary\"]}}]"}}, {"model": "admin.logentry", "pk": 72, "fields": {"action_time": "2022-04-30T17:50:21.552Z", "user": 1, "content_type": 8, "object_id": "2", "object_repr": "Капитанская дочка", "action_flag": 2, "change_message": "[{\"changed\": {\"fields\": [\"Summary\"]}}]"}}, {"model": "admin.logentry", "pk": 73, "fields": {"action_time": "2022-04-30T17:50:59.228Z", "user": 1, "content_type": 8, "object_id": "11", "object_repr": "Каштанка", "action_flag": 2, "change_message": "[{\"changed\": {\"fields\": [\"Summary\"]}}]"}}, {"model": "admin.logentry", "pk": 74, "fields": {"action_time": "2022-04-30T17:52:01.758Z", "user": 1, "content_type": 8, "object_id": "27", "object_repr": "Мармион", "action_flag": 2, "change_message": "[{\"changed\": {\"fields\": [\"Summary\"]}}]"}}, {"model": "admin.logentry", "pk": 75, "fields": {"action_time": "2022-04-30T17:52:43.262Z", "user": 1, "content_type": 8, "object_id": "16", "object_repr": "Мастер и Маргарита", "action_flag": 2, "change_message": "[{\"changed\": {\"fields\": [\"Summary\"]}}]"}}, {"model": "admin.logentry", "pk": 76, "fields": {"action_time": "2022-04-30T17:53:34.944Z", "user": 1, "content_type": 8, "object_id": "32", "object_repr": "Метро 2033", "action_flag": 2, "change_message": "[{\"changed\": {\"fields\": [\"Summary\"]}}]"}}, {"model": "admin.logentry", "pk": 77, "fields": {"action_time": "2022-04-30T17:54:17.321Z", "user": 1, "content_type": 8, "object_id": "24", "object_repr": "Мцыри", "action_flag": 2, "change_message": "[{\"changed\": {\"fields\": [\"Summary\"]}}]"}}, {"model": "admin.logentry", "pk": 78, "fields": {"action_time": "2022-04-30T17:55:06.616Z", "user": 1, "content_type": 8, "object_id": "24", "object_repr": "Мцыри", "action_flag": 2, "change_message": "[{\"changed\": {\"fields\": [\"Summary\"]}}]"}}, {"model": "admin.logentry", "pk": 79, "fields": {"action_time": "2022-04-30T17:55:35.371Z", "user": 1, "content_type": 8, "object_id": "30", "object_repr": "На Западном фронте без перемен", "action_flag": 2, "change_message": "[{\"changed\": {\"fields\": [\"Summary\"]}}]"}}, {"model": "admin.logentry", "pk": 80, "fields": {"action_time": "2022-04-30T17:56:18.966Z", "user": 1, "content_type": 8, "object_id": "9", "object_repr": "Отцы и дети", "action_flag": 2, "change_message": "[{\"changed\": {\"fields\": [\"Summary\"]}}]"}}, {"model": "admin.logentry", "pk": 81, "fields": {"action_time": "2022-04-30T17:56:56.393Z", "user": 1, "content_type": 8, "object_id": "12", "object_repr": "Палата №6", "action_flag": 2, "change_message": "[{\"changed\": {\"fields\": [\"Summary\"]}}]"}}, {"model": "admin.logentry", "pk": 82, "fields": {"action_time": "2022-04-30T17:57:34.031Z", "user": 1, "content_type": 8, "object_id": "15", "object_repr": "Поднятая целина", "action_flag": 2, "change_message": "[{\"changed\": {\"fields\": [\"Summary\"]}}]"}}, {"model": "admin.logentry", "pk": 83, "fields": {"action_time": "2022-04-30T17:58:08.741Z", "user": 1, "content_type": 8, "object_id": "19", "object_repr": "Преступление и наказание", "action_flag": 2, "change_message": "[{\"changed\": {\"fields\": [\"Summary\"]}}]"}}, {"model": "admin.logentry", "pk": 84, "fields": {"action_time": "2022-04-30T17:58:48.025Z", "user": 1, "content_type": 8, "object_id": "1", "object_repr": "Руслан и Людмила", "action_flag": 2, "change_message": "[{\"changed\": {\"fields\": [\"Summary\"]}}]"}}, {"model": "admin.logentry", "pk": 85, "fields": {"action_time": "2022-04-30T17:59:17.904Z", "user": 1, "content_type": 8, "object_id": "4", "object_repr": "Сказка о царе Салтане", "action_flag": 2, "change_message": "[{\"changed\": {\"fields\": [\"Summary\"]}}]"}}, {"model": "admin.logentry", "pk": 86, "fields": {"action_time": "2022-04-30T18:00:38.619Z", "user": 1, "content_type": 8, "object_id": "23", "object_repr": "Смерть поэта", "action_flag": 2, "change_message": "[{\"changed\": {\"fields\": [\"Summary\"]}}]"}}, {"model": "admin.logentry", "pk": 87, "fields": {"action_time": "2022-04-30T18:01:11.095Z", "user": 1, "content_type": 8, "object_id": "17", "object_repr": "Собачье сердце", "action_flag": 2, "change_message": "[{\"changed\": {\"fields\": [\"Summary\", \"Genre\"]}}]"}}, {"model": "admin.logentry", "pk": 88, "fields": {"action_time": "2022-04-30T18:02:13.637Z", "user": 1, "content_type": 8, "object_id": "21", "object_repr": "Собрание сочинений", "action_flag": 2, "change_message": "[{\"changed\": {\"fields\": [\"Summary\"]}}]"}}, {"model": "admin.logentry", "pk": 89, "fields": {"action_time": "2022-04-30T18:02:50.737Z", "user": 1, "content_type": 8, "object_id": "33", "object_repr": "Текст", "action_flag": 2, "change_message": "[{\"changed\": {\"fields\": [\"Summary\"]}}]"}}, {"model": "admin.logentry", "pk": 90, "fields": {"action_time": "2022-04-30T18:03:22.688Z", "user": 1, "content_type": 8, "object_id": "14", "object_repr": "Тихий Дон", "action_flag": 2, "change_message": "[{\"changed\": {\"fields\": [\"Summary\"]}}]"}}, {"model": "admin.logentry", "pk": 91, "fields": {"action_time": "2022-04-30T18:03:51.720Z", "user": 1, "content_type": 8, "object_id": "28", "object_repr": "Три мушкетера", "action_flag": 2, "change_message": "[{\"changed\": {\"fields\": [\"Summary\"]}}]"}}, {"model": "admin.logentry", "pk": 92, "fields": {"action_time": "2022-04-30T18:04:17.290Z", "user": 1, "content_type": 8, "object_id": "31", "object_repr": "Три товарища", "action_flag": 2, "change_message": "[{\"changed\": {\"fields\": [\"Summary\"]}}]"}}, {"model": "admin.logentry", "pk": 93, "fields": {"action_time": "2022-04-30T18:04:44.290Z", "user": 1, "content_type": 8, "object_id": "7", "object_repr": "Хаджи Мурат", "action_flag": 2, "change_message": "[{\"changed\": {\"fields\": [\"Summary\"]}}]"}}, {"model": "admin.logentry", "pk": 94, "fields": {"action_time": "2022-04-30T18:05:58.695Z", "user": 1, "content_type": 8, "object_id": "25", "object_repr": "Черный карлик", "action_flag": 2, "change_message": "[{\"changed\": {\"fields\": [\"Summary\"]}}]"}}, {"model": "admin.logentry", "pk": 95, "fields": {"action_time": "2022-05-01T11:19:29.230Z", "user": 1, "content_type": 4, "object_id": "2", "object_repr": "user1", "action_flag": 1, "change_message": "[{\"added\": {}}]"}}, {"model": "admin.logentry", "pk": 96, "fields": {"action_time": "2022-05-01T20:20:17.554Z", "user": 1, "content_type": 4, "object_id": "3", "object_repr": "worker1", "action_flag": 1, "change_message": "[{\"added\": {}}]"}}, {"model": "admin.logentry", "pk": 97, "fields": {"action_time": "2022-05-01T20:22:02.628Z", "user": 1, "content_type": 3, "object_id": "1", "object_repr": "stuff", "action_flag": 1, "change_message": "[{\"added\": {}}]"}}, {"model": "admin.logentry", "pk": 98, "fields": {"action_time": "2022-05-01T20:22:26.045Z", "user": 1, "content_type": 4, "object_id": "3", "object_repr": "worker1", "action_flag": 2, "change_message": "[{\"changed\": {\"fields\": [\"Groups\"]}}]"}}, {"model": "admin.logentry", "pk": 99, "fields": {"action_time": "2022-05-03T14:16:34.536Z", "user": 1, "content_type": 11, "object_id": "1", "object_repr": "user1", "action_flag": 1, "change_message": "[{\"added\": {}}]"}}, {"model": "admin.logentry", "pk": 100, "fields": {"action_time": "2022-05-03T14:17:14.448Z", "user": 1, "content_type": 11, "object_id": "1", "object_repr": "user1", "action_flag": 3, "change_message": ""}}, {"model": "admin.logentry", "pk": 101, "fields": {"action_time": "2022-05-03T14:18:23.611Z", "user": 1, "content_type": 11, "object_id": "2", "object_repr": "bookstore_app.Book.None, user1", "action_flag": 1, "change_message": "[{\"added\": {}}]"}}, {"model": "admin.logentry", "pk": 102, "fields": {"action_time": "2022-05-03T14:29:03.147Z", "user": 1, "content_type": 11, "object_id": "2", "object_repr": "[<Book: Бесы>], user1", "action_flag": 3, "change_message": ""}}, {"model": "admin.logentry", "pk": 103, "fields": {"action_time": "2022-05-03T14:29:13.319Z", "user": 1, "content_type": 11, "object_id": "3", "object_repr": "[<Book: Анна Каренина>, <Book: Ася>, <Book: Бесы>], user1", "action_flag": 1, "change_message": "[{\"added\": {}}]"}}, {"model": "admin.logentry", "pk": 104, "fields": {"action_time": "2022-05-03T16:08:13.250Z", "user": 1, "content_type": 11, "object_id": "4", "object_repr": "4: user1 Айвенго", "action_flag": 1, "change_message": "[{\"added\": {}}]"}}, {"model": "admin.logentry", "pk": 105, "fields": {"action_time": "2022-05-03T16:08:26.210Z", "user": 1, "content_type": 11, "object_id": "5", "object_repr": "5: user1 Евгений Онегин", "action_flag": 1, "change_message": "[{\"added\": {}}]"}}, {"model": "admin.logentry", "pk": 106, "fields": {"action_time": "2022-05-03T16:08:38.265Z", "user": 1, "content_type": 11, "object_id": "6", "object_repr": "6: user2 Капитанская дочка", "action_flag": 1, "change_message": "[{\"added\": {}}]"}}, {"model": "admin.logentry", "pk": 107, "fields": {"action_time": "2022-05-03T16:27:27.553Z", "user": 1, "content_type": 3, "object_id": "2", "object_repr": "clients", "action_flag": 1, "change_message": "[{\"added\": {}}]"}}, {"model": "admin.logentry", "pk": 108, "fields": {"action_time": "2022-05-03T16:27:59.836Z", "user": 1, "content_type": 4, "object_id": "2", "object_repr": "user1", "action_flag": 2, "change_message": "[{\"changed\": {\"fields\": [\"Groups\"]}}]"}}, {"model": "admin.logentry", "pk": 109, "fields": {"action_time": "2022-05-03T16:28:11.834Z", "user": 1, "content_type": 4, "object_id": "4", "object_repr": "user2", "action_flag": 2, "change_message": "[{\"changed\": {\"fields\": [\"Groups\"]}}]"}}, {"model": "admin.logentry", "pk": 110, "fields": {"action_time": "2022-05-03T16:28:21.792Z", "user": 1, "content_type": 4, "object_id": "5", "object_repr": "user3", "action_flag": 2, "change_message": "[{\"changed\": {\"fields\": [\"Groups\"]}}]"}}, {"model": "admin.logentry", "pk": 111, "fields": {"action_time": "2022-05-07T09:57:08.144Z", "user": 1, "content_type": 8, "object_id": "2", "object_repr": "Капитанская дочка", "action_flag": 2, "change_message": "[{\"changed\": {\"fields\": [\"Count\"]}}]"}}, {"model": "admin.logentry", "pk": 112, "fields": {"action_time": "2022-05-27T13:03:19.800Z", "user": 1, "content_type": 10, "object_id": "5", "object_repr": "Испанский", "action_flag": 1, "change_message": "[{\"added\": {}}]"}}, {"model": "admin.logentry", "pk": 113, "fields": {"action_time": "2022-05-27T13:03:31.336Z", "user": 1, "content_type": 10, "object_id": "6", "object_repr": "Итальянский", "action_flag": 1, "change_message": "[{\"added\": {}}]"}}, {"model": "admin.logentry", "pk": 114, "fields": {"action_time": "2022-05-29T18:10:10.984Z", "user": 1, "content_type": 4, "object_id": "4", "object_repr": "user2", "action_flag": 2, "change_message": "[{\"changed\": {\"fields\": [\"First name\", \"Last name\", \"Email address\"]}}]"}}, {"model": "admin.logentry", "pk": 115, "fields": {"action_time": "2022-05-29T18:10:37.348Z", "user": 1, "content_type": 4, "object_id": "5", "object_repr": "user3", "action_flag": 2, "change_message": "[{\"changed\": {\"fields\": [\"First name\", \"Last name\", \"Email address\"]}}]"}}, {"model": "admin.logentry", "pk": 116, "fields": {"action_time": "2022-05-30T18:55:14.526Z", "user": 1, "content_type": 3, "object_id": "1", "object_repr": "workers", "action_flag": 2, "change_message": "[{\"changed\": {\"fields\": [\"Name\"]}}]"}}, {"model": "admin.logentry", "pk": 117, "fields": {"action_time": "2022-05-30T19:25:40.657Z", "user": 1, "content_type": 4, "object_id": "6", "object_repr": "user4", "action_flag": 2, "change_message": "[{\"changed\": {\"fields\": [\"Groups\"]}}]"}}, {"model": "admin.logentry", "pk": 118, "fields": {"action_time": "2022-05-30T19:25:52.434Z", "user": 1, "content_type": 4, "object_id": "7", "object_repr": "user5", "action_flag": 2, "change_message": "[{\"changed\": {\"fields\": [\"Groups\"]}}]"}}, {"model": "admin.logentry", "pk": 119, "fields": {"action_time": "2022-06-01T18:39:31.303Z", "user": 1, "content_type": 13, "object_id": "1", "object_repr": "user1", "action_flag": 1, "change_message": "[{\"added\": {}}]"}}, {"model": "admin.logentry", "pk": 120, "fields": {"action_time": "2022-06-01T20:04:37.076Z", "user": 1, "content_type": 13, "object_id": "3", "object_repr": "user2 (баланс: 0)", "action_flag": 1, "change_message": "[{\"added\": {}}]"}}, {"model": "admin.logentry", "pk": 121, "fields": {"action_time": "2022-06-01T20:04:47.738Z", "user": 1, "content_type": 13, "object_id": "4", "object_repr": "user3 (баланс: 0)", "action_flag": 1, "change_message": "[{\"added\": {}}]"}}, {"model": "admin.logentry", "pk": 122, "fields": {"action_time": "2022-06-01T20:04:54.922Z", "user": 1, "content_type": 13, "object_id": "5", "object_repr": "user4 (баланс: 0)", "action_flag": 1, "change_message": "[{\"added\": {}}]"}}, {"model": "admin.logentry", "pk": 123, "fields": {"action_time": "2022-06-01T20:05:01.171Z", "user": 1, "content_type": 13, "object_id": "6", "object_repr": "user5 (баланс: 0)", "action_flag": 1, "change_message": "[{\"added\": {}}]"}}, {"model": "admin.logentry", "pk": 124, "fields": {"action_time": "2022-06-01T20:05:11.378Z", "user": 1, "content_type": 13, "object_id": "7", "object_repr": "user6 (баланс: 0)", "action_flag": 1, "change_message": "[{\"added\": {}}]"}}, {"model": "admin.logentry", "pk": 125, "fields": {"action_time": "2022-06-01T20:05:19.009Z", "user": 1, "content_type": 13, "object_id": "8", "object_repr": "user12 (баланс: 0)", "action_flag": 1, "change_message": "[{\"added\": {}}]"}}, {"model": "admin.logentry", "pk": 126, "fields": {"action_time": "2022-06-01T20:05:27.426Z", "user": 1, "content_type": 13, "object_id": "9", "object_repr": "user10 (баланс: 0)", "action_flag": 1, "change_message": "[{\"added\": {}}]"}}, {"model": "admin.logentry", "pk": 127, "fields": {"action_time": "2022-06-01T20:05:33.288Z", "user": 1, "content_type": 13, "object_id": "10", "object_repr": "user13 (баланс: 0)", "action_flag": 1, "change_message": "[{\"added\": {}}]"}}, {"model": "admin.logentry", "pk": 128, "fields": {"action_time": "2022-06-04T14:17:06.300Z", "user": 1, "content_type": 8, "object_id": "26", "object_repr": "Айвенго", "action_flag": 2, "change_message": "[{\"changed\": {\"fields\": [\"Image\"]}}]"}}, {"model": "admin.logentry", "pk": 129, "fields": {"action_time": "2022-06-04T15:59:39.446Z", "user": 1, "content_type": 8, "object_id": "26", "object_repr": "Айвенго", "action_flag": 2, "change_message": "[{\"changed\": {\"fields\": [\"Image\"]}}]"}}, {"model": "admin.logentry", "pk": 130, "fields": {"action_time": "2022-06-04T17:13:56.571Z", "user": 1, "content_type": 8, "object_id": "6", "object_repr": "Анна Каренина", "action_flag": 2, "change_message": "[{\"changed\": {\"fields\": [\"\\u0418\\u0437\\u043e\\u0431\\u0440\\u0430\\u0436\\u0435\\u043d\\u0438\\u0435\"]}}]"}}, {"model": "admin.logentry", "pk": 131, "fields": {"action_time": "2022-06-05T12:30:07.837Z", "user": 1, "content_type": 8, "object_id": "26", "object_repr": "Айвенго", "action_flag": 2, "change_message": "[{\"changed\": {\"fields\": [\"\\u0416\\u0430\\u043d\\u0440\"]}}]"}}, {"model": "admin.logentry", "pk": 132, "fields": {"action_time": "2022-06-05T12:31:43.382Z", "user": 1, "content_type": 8, "object_id": "6", "object_repr": "Анна Каренина", "action_flag": 2, "change_message": "[{\"changed\": {\"fields\": [\"\\u0416\\u0430\\u043d\\u0440\"]}}]"}}, {"model": "admin.logentry", "pk": 133, "fields": {"action_time": "2022-06-05T12:32:28.506Z", "user": 1, "content_type": 8, "object_id": "10", "object_repr": "Ася", "action_flag": 2, "change_message": "[{\"changed\": {\"fields\": [\"\\u0418\\u0437\\u043e\\u0431\\u0440\\u0430\\u0436\\u0435\\u043d\\u0438\\u0435\", \"\\u0416\\u0430\\u043d\\u0440\"]}}]"}}, {"model": "admin.logentry", "pk": 134, "fields": {"action_time": "2022-06-05T12:32:45.142Z", "user": 1, "content_type": 8, "object_id": "20", "object_repr": "Бесы", "action_flag": 2, "change_message": "[]"}}, {"model": "admin.logentry", "pk": 135, "fields": {"action_time": "2022-06-05T12:34:19.650Z", "user": 1, "content_type": 8, "object_id": "35", "object_repr": "Бирюк", "action_flag": 2, "change_message": "[{\"changed\": {\"fields\": [\"\\u0418\\u0437\\u043e\\u0431\\u0440\\u0430\\u0436\\u0435\\u043d\\u0438\\u0435\", \"\\u0416\\u0430\\u043d\\u0440\"]}}]"}}, {"model": "admin.logentry", "pk": 136, "fields": {"action_time": "2022-06-05T12:34:32.605Z", "user": 1, "content_type": 8, "object_id": "13", "object_repr": "Вишневый сад", "action_flag": 2, "change_message": "[{\"changed\": {\"fields\": [\"\\u0416\\u0430\\u043d\\u0440\"]}}]"}}, {"model": "admin.logentry", "pk": 137, "fields": {"action_time": "2022-06-05T12:35:11.803Z", "user": 1, "content_type": 8, "object_id": "5", "object_repr": "Война и мир", "action_flag": 2, "change_message": "[{\"changed\": {\"fields\": [\"\\u0418\\u0437\\u043e\\u0431\\u0440\\u0430\\u0436\\u0435\\u043d\\u0438\\u0435\", \"\\u0416\\u0430\\u043d\\u0440\"]}}]"}}, {"model": "admin.logentry", "pk": 138, "fields": {"action_time": "2022-06-05T12:37:01.266Z", "user": 1, "content_type": 8, "object_id": "8", "object_repr": "Воскресенье", "action_flag": 2, "change_message": "[{\"changed\": {\"fields\": [\"\\u0418\\u0437\\u043e\\u0431\\u0440\\u0430\\u0436\\u0435\\u043d\\u0438\\u0435\", \"\\u0416\\u0430\\u043d\\u0440\"]}}]"}}, {"model": "admin.logentry", "pk": 139, "fields": {"action_time": "2022-06-05T12:37:57.768Z", "user": 1, "content_type": 8, "object_id": "22", "object_repr": "Герой нашего времени", "action_flag": 2, "change_message": "[{\"changed\": {\"fields\": [\"\\u0418\\u0437\\u043e\\u0431\\u0440\\u0430\\u0436\\u0435\\u043d\\u0438\\u0435\", \"\\u0416\\u0430\\u043d\\u0440\"]}}]"}}, {"model": "admin.logentry", "pk": 140, "fields": {"action_time": "2022-06-05T12:38:08.546Z", "user": 1, "content_type": 8, "object_id": "29", "object_repr": "Граф Монте Кристо", "action_flag": 2, "change_message": "[{\"changed\": {\"fields\": [\"\\u0416\\u0430\\u043d\\u0440\"]}}]"}}, {"model": "admin.logentry", "pk": 141, "fields": {"action_time": "2022-06-05T12:39:27.400Z", "user": 1, "content_type": 8, "object_id": "36", "object_repr": "Дубровский", "action_flag": 2, "change_message": "[{\"changed\": {\"fields\": [\"\\u0418\\u0437\\u043e\\u0431\\u0440\\u0430\\u0436\\u0435\\u043d\\u0438\\u0435\", \"\\u0416\\u0430\\u043d\\u0440\"]}}]"}}, {"model": "admin.logentry", "pk": 142, "fields": {"action_time": "2022-06-05T12:40:06.802Z", "user": 1, "content_type": 8, "object_id": "3", "object_repr": "Евгений Онегин", "action_flag": 2, "change_message": "[{\"changed\": {\"fields\": [\"\\u0418\\u0437\\u043e\\u0431\\u0440\\u0430\\u0436\\u0435\\u043d\\u0438\\u0435\", \"\\u0416\\u0430\\u043d\\u0440\"]}}]"}}, {"model": "admin.logentry", "pk": 143, "fields": {"action_time": "2022-06-05T12:40:36.822Z", "user": 1, "content_type": 8, "object_id": "40", "object_repr": "Записки охотника", "action_flag": 2, "change_message": "[{\"changed\": {\"fields\": [\"\\u0416\\u0430\\u043d\\u0440\"]}}]"}}, {"model": "admin.logentry", "pk": 144, "fields": {"action_time": "2022-06-05T12:41:25.398Z", "user": 1, "content_type": 8, "object_id": "37", "object_repr": "Кавказский пленник", "action_flag": 2, "change_message": "[{\"changed\": {\"fields\": [\"\\u0418\\u0437\\u043e\\u0431\\u0440\\u0430\\u0436\\u0435\\u043d\\u0438\\u0435\", \"\\u0416\\u0430\\u043d\\u0440\"]}}]"}}, {"model": "admin.logentry", "pk": 145, "fields": {"action_time": "2022-06-05T12:42:06.654Z", "user": 1, "content_type": 8, "object_id": "2", "object_repr": "Капитанская дочка", "action_flag": 2, "change_message": "[{\"changed\": {\"fields\": [\"\\u0418\\u0437\\u043e\\u0431\\u0440\\u0430\\u0436\\u0435\\u043d\\u0438\\u0435\", \"\\u0416\\u0430\\u043d\\u0440\"]}}]"}}, {"model": "admin.logentry", "pk": 146, "fields": {"action_time": "2022-06-05T12:42:44.531Z", "user": 1, "content_type": 8, "object_id": "11", "object_repr": "Каштанка", "action_flag": 2, "change_message": "[{\"changed\": {\"fields\": [\"\\u0418\\u0437\\u043e\\u0431\\u0440\\u0430\\u0436\\u0435\\u043d\\u0438\\u0435\", \"\\u0416\\u0430\\u043d\\u0440\"]}}]"}}, {"model": "admin.logentry", "pk": 147, "fields": {"action_time": "2022-06-05T12:43:57.242Z", "user": 1, "content_type": 8, "object_id": "27", "object_repr": "Мармион", "action_flag": 2, "change_message": "[{\"changed\": {\"fields\": [\"\\u0418\\u0437\\u043e\\u0431\\u0440\\u0430\\u0436\\u0435\\u043d\\u0438\\u0435\", \"\\u0416\\u0430\\u043d\\u0440\"]}}]"}}, {"model": "admin.logentry", "pk": 148, "fields": {"action_time": "2022-06-05T12:44:31.624Z", "user": 1, "content_type": 8, "object_id": "16", "object_repr": "Мастер и Маргарита", "action_flag": 2, "change_message": "[{\"changed\": {\"fields\": [\"\\u0418\\u0437\\u043e\\u0431\\u0440\\u0430\\u0436\\u0435\\u043d\\u0438\\u0435\", \"\\u0416\\u0430\\u043d\\u0440\"]}}]"}}, {"model": "admin.logentry", "pk": 149, "fields": {"action_time": "2022-06-05T12:45:34.846Z", "user": 1, "content_type": 8, "object_id": "32", "object_repr": "Метро 2033", "action_flag": 2, "change_message": "[{\"changed\": {\"fields\": [\"\\u0418\\u0437\\u043e\\u0431\\u0440\\u0430\\u0436\\u0435\\u043d\\u0438\\u0435\", \"\\u0416\\u0430\\u043d\\u0440\"]}}]"}}, {"model": "admin.logentry", "pk": 150, "fields": {"action_time": "2022-06-05T12:46:22.373Z", "user": 1, "content_type": 8, "object_id": "30", "object_repr": "На Западном фронте без перемен", "action_flag": 2, "change_message": "[{\"changed\": {\"fields\": [\"\\u0418\\u0437\\u043e\\u0431\\u0440\\u0430\\u0436\\u0435\\u043d\\u0438\\u0435\", \"\\u0416\\u0430\\u043d\\u0440\"]}}]"}}, {"model": "admin.logentry", "pk": 151, "fields": {"action_time": "2022-06-05T12:46:33.276Z", "user": 1, "content_type": 8, "object_id": "41", "object_repr": "Отрочество", "action_flag": 2, "change_message": "[{\"changed\": {\"fields\": [\"\\u0416\\u0430\\u043d\\u0440\"]}}]"}}, {"model": "admin.logentry", "pk": 152, "fields": {"action_time": "2022-06-05T12:47:28.346Z", "user": 1, "content_type": 8, "object_id": "9", "object_repr": "Отцы и дети", "action_flag": 2, "change_message": "[{\"changed\": {\"fields\": [\"\\u0418\\u0437\\u043e\\u0431\\u0440\\u0430\\u0436\\u0435\\u043d\\u0438\\u0435\", \"\\u0416\\u0430\\u043d\\u0440\"]}}]"}}, {"model": "admin.logentry", "pk": 153, "fields": {"action_time": "2022-06-05T12:48:03.307Z", "user": 1, "content_type": 8, "object_id": "12", "object_repr": "Палата №6", "action_flag": 2, "change_message": "[{\"changed\": {\"fields\": [\"\\u0418\\u0437\\u043e\\u0431\\u0440\\u0430\\u0436\\u0435\\u043d\\u0438\\u0435\", \"\\u0416\\u0430\\u043d\\u0440\"]}}]"}}, {"model": "admin.logentry", "pk": 154, "fields": {"action_time": "2022-06-05T12:48:45.394Z", "user": 1, "content_type": 8, "object_id": "34", "object_repr": "Пиковая дама", "action_flag": 2, "change_message": "[{\"changed\": {\"fields\": [\"\\u0418\\u0437\\u043e\\u0431\\u0440\\u0430\\u0436\\u0435\\u043d\\u0438\\u0435\", \"\\u0416\\u0430\\u043d\\u0440\"]}}]"}}, {"model": "admin.logentry", "pk": 155, "fields": {"action_time": "2022-06-05T12:49:23.336Z", "user": 1, "content_type": 8, "object_id": "15", "object_repr": "Поднятая целина", "action_flag": 2, "change_message": "[{\"changed\": {\"fields\": [\"\\u0418\\u0437\\u043e\\u0431\\u0440\\u0430\\u0436\\u0435\\u043d\\u0438\\u0435\", \"\\u0416\\u0430\\u043d\\u0440\"]}}]"}}, {"model": "admin.logentry", "pk": 156, "fields": {"action_time": "2022-06-05T12:50:14.251Z", "user": 1, "content_type": 8, "object_id": "19", "object_repr": "Преступление и наказание", "action_flag": 2, "change_message": "[{\"changed\": {\"fields\": [\"\\u0418\\u0437\\u043e\\u0431\\u0440\\u0430\\u0436\\u0435\\u043d\\u0438\\u0435\", \"\\u0416\\u0430\\u043d\\u0440\"]}}]"}}, {"model": "admin.logentry", "pk": 157, "fields": {"action_time": "2022-06-05T12:51:15.895Z", "user": 1, "content_type": 8, "object_id": "1", "object_repr": "Руслан и Людмила", "action_flag": 2, "change_message": "[{\"changed\": {\"fields\": [\"\\u0418\\u0437\\u043e\\u0431\\u0440\\u0430\\u0436\\u0435\\u043d\\u0438\\u0435\", \"\\u0416\\u0430\\u043d\\u0440\"]}}]"}}, {"model": "admin.logentry", "pk": 158, "fields": {"action_time": "2022-06-05T12:52:07.655Z", "user": 1, "content_type": 8, "object_id": "4", "object_repr": "Сказка о царе Салтане", "action_flag": 2, "change_message": "[{\"changed\": {\"fields\": [\"\\u0416\\u0430\\u043d\\u0440\"]}}]"}}, {"model": "admin.logentry", "pk": 159, "fields": {"action_time": "2022-06-05T12:52:38.571Z", "user": 1, "content_type": 8, "object_id": "23", "object_repr": "Смерть поэта", "action_flag": 2, "change_message": "[{\"changed\": {\"fields\": [\"\\u0416\\u0430\\u043d\\u0440\"]}}]"}}, {"model": "admin.logentry", "pk": 160, "fields": {"action_time": "2022-06-05T12:53:14.263Z", "user": 1, "content_type": 8, "object_id": "17", "object_repr": "Собачье сердце", "action_flag": 2, "change_message": "[{\"changed\": {\"fields\": [\"\\u0418\\u0437\\u043e\\u0431\\u0440\\u0430\\u0436\\u0435\\u043d\\u0438\\u0435\", \"\\u0416\\u0430\\u043d\\u0440\"]}}]"}}, {"model": "admin.logentry", "pk": 161, "fields": {"action_time": "2022-06-05T12:53:26.138Z", "user": 1, "content_type": 8, "object_id": "21", "object_repr": "Собрание сочинений", "action_flag": 2, "change_message": "[{\"changed\": {\"fields\": [\"\\u0416\\u0430\\u043d\\u0440\"]}}]"}}, {"model": "admin.logentry", "pk": 162, "fields": {"action_time": "2022-06-05T12:55:24.846Z", "user": 1, "content_type": 8, "object_id": "33", "object_repr": "Текст", "action_flag": 2, "change_message": "[{\"changed\": {\"fields\": [\"\\u0418\\u0437\\u043e\\u0431\\u0440\\u0430\\u0436\\u0435\\u043d\\u0438\\u0435\", \"\\u0416\\u0430\\u043d\\u0440\"]}}]"}}, {"model": "admin.logentry", "pk": 163, "fields": {"action_time": "2022-06-05T12:55:34.908Z", "user": 1, "content_type": 8, "object_id": "14", "object_repr": "Тихий Дон", "action_flag": 2, "change_message": "[{\"changed\": {\"fields\": [\"\\u0416\\u0430\\u043d\\u0440\"]}}]"}}, {"model": "admin.logentry", "pk": 164, "fields": {"action_time": "2022-06-05T12:56:07.254Z", "user": 1, "content_type": 8, "object_id": "28", "object_repr": "Три мушкетера", "action_flag": 2, "change_message": "[{\"changed\": {\"fields\": [\"\\u0418\\u0437\\u043e\\u0431\\u0440\\u0430\\u0436\\u0435\\u043d\\u0438\\u0435\", \"\\u0416\\u0430\\u043d\\u0440\"]}}]"}}, {"model": "admin.logentry", "pk": 165, "fields": {"action_time": "2022-06-05T12:56:44.248Z", "user": 1, "content_type": 8, "object_id": "31", "object_repr": "Три товарища", "action_flag": 2, "change_message": "[{\"changed\": {\"fields\": [\"\\u0418\\u0437\\u043e\\u0431\\u0440\\u0430\\u0436\\u0435\\u043d\\u0438\\u0435\", \"\\u0416\\u0430\\u043d\\u0440\"]}}]"}}, {"model": "admin.logentry", "pk": 166, "fields": {"action_time": "2022-06-05T12:57:23.211Z", "user": 1, "content_type": 8, "object_id": "38", "object_repr": "Утес", "action_flag": 2, "change_message": "[{\"changed\": {\"fields\": [\"\\u0418\\u0437\\u043e\\u0431\\u0440\\u0430\\u0436\\u0435\\u043d\\u0438\\u0435\", \"\\u0416\\u0430\\u043d\\u0440\"]}}]"}}, {"model": "admin.logentry", "pk": 167, "fields": {"action_time": "2022-06-05T12:57:58.849Z", "user": 1, "content_type": 8, "object_id": "7", "object_repr": "Хаджи Мурат", "action_flag": 2, "change_message": "[{\"changed\": {\"fields\": [\"\\u0418\\u0437\\u043e\\u0431\\u0440\\u0430\\u0436\\u0435\\u043d\\u0438\\u0435\", \"\\u0416\\u0430\\u043d\\u0440\"]}}]"}}, {"model": "admin.logentry", "pk": 168, "fields": {"action_time": "2022-06-05T12:59:23.127Z", "user": 1, "content_type": 8, "object_id": "25", "object_repr": "Черный карлик", "action_flag": 2, "change_message": "[{\"changed\": {\"fields\": [\"\\u0418\\u0437\\u043e\\u0431\\u0440\\u0430\\u0436\\u0435\\u043d\\u0438\\u0435\", \"\\u0416\\u0430\\u043d\\u0440\"]}}]"}}, {"model": "admin.logentry", "pk": 169, "fields": {"action_time": "2022-06-05T12:59:32.180Z", "user": 1, "content_type": 8, "object_id": "39", "object_repr": "Чужая кровь", "action_flag": 2, "change_message": "[{\"changed\": {\"fields\": [\"\\u0416\\u0430\\u043d\\u0440\"]}}]"}}, {"model": "auth.permission", "pk": 1, "fields": {"name": "Can add log entry", "content_type": 1, "codename": "add_logentry"}}, {"model": "auth.permission", "pk": 2, "fields": {"name": "Can change log entry", "content_type": 1, "codename": "change_logentry"}}, {"model": "auth.permission", "pk": 3, "fields": {"name": "Can delete log entry", "content_type": 1, "codename": "delete_logentry"}}, {"model": "auth.permission", "pk": 4, "fields": {"name": "Can view log entry", "content_type": 1, "codename": "view_logentry"}}, {"model": "auth.permission", "pk": 5, "fields": {"name": "Can add permission", "content_type": 2, "codename": "add_permission"}}, {"model": "auth.permission", "pk": 6, "fields": {"name": "Can change permission", "content_type": 2, "codename": "change_permission"}}, {"model": "auth.permission", "pk": 7, "fields": {"name": "Can delete permission", "content_type": 2, "codename": "delete_permission"}}, {"model": "auth.permission", "pk": 8, "fields": {"name": "Can view permission", "content_type": 2, "codename": "view_permission"}}, {"model": "auth.permission", "pk": 9, "fields": {"name": "Can add group", "content_type": 3, "codename": "add_group"}}, {"model": "auth.permission", "pk": 10, "fields": {"name": "Can change group", "content_type": 3, "codename": "change_group"}}, {"model": "auth.permission", "pk": 11, "fields": {"name": "Can delete group", "content_type": 3, "codename": "delete_group"}}, {"model": "auth.permission", "pk": 12, "fields": {"name": "Can view group", "content_type": 3, "codename": "view_group"}}, {"model": "auth.permission", "pk": 13, "fields": {"name": "Can add user", "content_type": 4, "codename": "add_user"}}, {"model": "auth.permission", "pk": 14, "fields": {"name": "Can change user", "content_type": 4, "codename": "change_user"}}, {"model": "auth.permission", "pk": 15, "fields": {"name": "Can delete user", "content_type": 4, "codename": "delete_user"}}, {"model": "auth.permission", "pk": 16, "fields": {"name": "Can view user", "content_type": 4, "codename": "view_user"}}, {"model": "auth.permission", "pk": 17, "fields": {"name": "Can add content type", "content_type": 5, "codename": "add_contenttype"}}, {"model": "auth.permission", "pk": 18, "fields": {"name": "Can change content type", "content_type": 5, "codename": "change_contenttype"}}, {"model": "auth.permission", "pk": 19, "fields": {"name": "Can delete content type", "content_type": 5, "codename": "delete_contenttype"}}, {"model": "auth.permission", "pk": 20, "fields": {"name": "Can view content type", "content_type": 5, "codename": "view_contenttype"}}, {"model": "auth.permission", "pk": 21, "fields": {"name": "Can add session", "content_type": 6, "codename": "add_session"}}, {"model": "auth.permission", "pk": 22, "fields": {"name": "Can change session", "content_type": 6, "codename": "change_session"}}, {"model": "auth.permission", "pk": 23, "fields": {"name": "Can delete session", "content_type": 6, "codename": "delete_session"}}, {"model": "auth.permission", "pk": 24, "fields": {"name": "Can view session", "content_type": 6, "codename": "view_session"}}, {"model": "auth.permission", "pk": 25, "fields": {"name": "Can add author", "content_type": 7, "codename": "add_author"}}, {"model": "auth.permission", "pk": 26, "fields": {"name": "Can change author", "content_type": 7, "codename": "change_author"}}, {"model": "auth.permission", "pk": 27, "fields": {"name": "Can delete author", "content_type": 7, "codename": "delete_author"}}, {"model": "auth.permission", "pk": 28, "fields": {"name": "Can view author", "content_type": 7, "codename": "view_author"}}, {"model": "auth.permission", "pk": 29, "fields": {"name": "Can add book", "content_type": 8, "codename": "add_book"}}, {"model": "auth.permission", "pk": 30, "fields": {"name": "Can change book", "content_type": 8, "codename": "change_book"}}, {"model": "auth.permission", "pk": 31, "fields": {"name": "Can delete book", "content_type": 8, "codename": "delete_book"}}, {"model": "auth.permission", "pk": 32, "fields": {"name": "Can view book", "content_type": 8, "codename": "view_book"}}, {"model": "auth.permission", "pk": 33, "fields": {"name": "Can add genre", "content_type": 9, "codename": "add_genre"}}, {"model": "auth.permission", "pk": 34, "fields": {"name": "Can change genre", "content_type": 9, "codename": "change_genre"}}, {"model": "auth.permission", "pk": 35, "fields": {"name": "Can delete genre", "content_type": 9, "codename": "delete_genre"}}, {"model": "auth.permission", "pk": 36, "fields": {"name": "Can view genre", "content_type": 9, "codename": "view_genre"}}, {"model": "auth.permission", "pk": 37, "fields": {"name": "Can add language", "content_type": 10, "codename": "add_language"}}, {"model": "auth.permission", "pk": 38, "fields": {"name": "Can change language", "content_type": 10, "codename": "change_language"}}, {"model": "auth.permission", "pk": 39, "fields": {"name": "Can delete language", "content_type": 10, "codename": "delete_language"}}, {"model": "auth.permission", "pk": 40, "fields": {"name": "Can view language", "content_type": 10, "codename": "view_language"}}, {"model": "auth.permission", "pk": 41, "fields": {"name": "Can add buy", "content_type": 11, "codename": "add_buy"}}, {"model": "auth.permission", "pk": 42, "fields": {"name": "Can change buy", "content_type": 11, "codename": "change_buy"}}, {"model": "auth.permission", "pk": 43, "fields": {"name": "Can delete buy", "content_type": 11, "codename": "delete_buy"}}, {"model": "auth.permission", "pk": 44, "fields": {"name": "Can view buy", "content_type": 11, "codename": "view_buy"}}, {"model": "auth.permission", "pk": 45, "fields": {"name": "Can add rent", "content_type": 12, "codename": "add_rent"}}, {"model": "auth.permission", "pk": 46, "fields": {"name": "Can change rent", "content_type": 12, "codename": "change_rent"}}, {"model": "auth.permission", "pk": 47, "fields": {"name": "Can delete rent", "content_type": 12, "codename": "delete_rent"}}, {"model": "auth.permission", "pk": 48, "fields": {"name": "Can view rent", "content_type": 12, "codename": "view_rent"}}, {"model": "auth.permission", "pk": 49, "fields": {"name": "Can add user money", "content_type": 13, "codename": "add_usermoney"}}, {"model": "auth.permission", "pk": 50, "fields": {"name": "Can change user money", "content_type": 13, "codename": "change_usermoney"}}, {"model": "auth.permission", "pk": 51, "fields": {"name": "Can delete user money", "content_type": 13, "codename": "delete_usermoney"}}, {"model": "auth.permission", "pk": 52, "fields": {"name": "Can view user money", "content_type": 13, "codename": "view_usermoney"}}, {"model": "auth.group", "pk": 1, "fields": {"name": "workers", "permissions": [25, 26, 27, 28, 29, 30, 31, 32, 33, 34, 35, 36, 37, 38, 39, 40]}}, {"model": "auth.group", "pk": 2, "fields": {"name": "clients", "permissions": [28, 32, 41, 42, 43, 44, 36, 40]}}, {"model": "auth.user", "pk": 1, "fields": {"password": "pbkdf2_sha256$320000$6923ZTcj5tgcRAQ8f19Ogy$AtUDZiPkCgyIN+Xlt4qDtbN2j0XhSLv/0wDYvT4s3SE=", "last_login": "2022-06-10T23:16:02.833Z", "is_superuser": true, "username": "admin", "first_name": "Ivan", "last_name": "Petrov", "email": "ip@mail.ru", "is_staff": true, "is_active": true, "date_joined": "2022-04-28T19:41:37.813Z", "groups": [], "user_permissions": []}}, {"model": "auth.user", "pk": 2, "fields": {"password": "pbkdf2_sha256$320000$eQQI2Yvq77yjAW2QOzFIkb$q/RZxCy9KkX55Cc6TjN5jdjzHIJIXhV8WaSkDeUU3Qo=", "last_login": "2022-06-12T18:52:35.019Z", "is_superuser": false, "username": "user1", "first_name": "Sergey", "last_name": "Petrenko", "email": "spetr@mail.ru", "is_staff": false, "is_active": true, "date_joined": "2022-05-01T11:19:28Z", "groups": [2], "user_permissions": []}}, {"model": "auth.user", "pk": 3, "fields": {"password": "pbkdf2_sha256$320000$xXmOsFhO9ILpZrUxDM4IuV$sWLKnUKClpsuzmAjEMTk4rqjlp9guKgFmLUIXAO0SNs=", "last_login": "2022-06-12T19:22:19.746Z", "is_superuser": false, "username": "worker1", "first_name": "Ivan", "last_name": "Sobolev", "email": "isob@mail.com", "is_staff": false, "is_active": true, "date_joined": "2022-05-01T20:20:17Z", "groups": [1], "user_permissions": []}}, {"model": "auth.user", "pk": 4, "fields": {"password": "pbkdf2_sha256$320000$lLxxFLHfpmohQctUAQxlLO$IqmeQEBnzmoK8++3+79DP4rmhqjC3dzq/8leGBe6nE0=", "last_login": "2022-06-01T20:05:54.656Z", "is_superuser": false, "username": "user2", "first_name": "Kirill", "last_name": "Evseev", "email": "kevs@mail.com", "is_staff": false, "is_active": true, "date_joined": "2022-05-02T20:03:52Z", "groups": [2], "user_permissions": []}}, {"model": "auth.user", "pk": 5, "fields": {"password": "pbkdf2_sha256$320000$15D6qstuSiszKX6X6MCsfh$gS93Y6rfuEDLbv2ceVCyoV2aeyTEj0F1aNexkJulwts=", "last_login": "2022-06-05T09:18:13.812Z", "is_superuser": false, "username": "user3", "first_name": "Alex", "last_name": "Baranov", "email": "albar@mail.com", "is_staff": false, "is_active": true, "date_joined": "2022-05-02T20:11:34Z", "groups": [2], "user_permissions": []}}, {"model": "auth.user", "pk": 6, "fields": {"password": "pbkdf2_sha256$320000$IfMfLldJlSmyKfhb0uu2df$8Jlmmae2p2aun+c5Ki6kD7gc1dCCdLlgBubETnYbTlc=", "last_login": "2022-05-30T19:14:28Z", "is_superuser": false, "username": "user4", "first_name": "", "last_name": "", "email": "", "is_staff": false, "is_active": true, "date_joined": "2022-05-30T19:14:28Z", "groups": [2], "user_permissions": []}}, {"model": "auth.user", "pk": 7, "fields": {"password": "pbkdf2_sha256$320000$kTocK91LEYT5AANn0oCGGb$+rYtDCRJEGlyQkfSdbmKcT9eOeUbl9N4s+1qdOxY9BA=", "last_login": "2022-05-30T19:21:33Z", "is_superuser": false, "username": "user5", "first_name": "", "last_name": "", "email": "", "is_staff": false, "is_active": true, "date_joined": "2022-05-30T19:21:32Z", "groups": [2], "user_permissions": []}}, {"model": "auth.user", "pk": 8, "fields": {"password": "pbkdf2_sha256$320000$xQ6UwBo43NXEBw0xdYwYYs$HMtrI7kH+g1tWqLKH92lKJHSLRxdr35Q2pBPovKl6nk=", "last_login": "2022-05-30T19:37:58.495Z", "is_superuser": false, "username": "user6", "first_name": "Petr", "last_name": "Kononov", "email": "pekon@mail.ru", "is_staff": false, "is_active": true, "date_joined": "2022-05-30T19:24:38.605Z", "groups": [2], "user_permissions": []}}, {"model": "auth.user", "pk": 9, "fields": {"password": "pbkdf2_sha256$320000$GWRKflpDk45RnvZ6HT3Rct$/3PXC3wI9nTmoq/FGk7aJUxK4X7xoF7uv/d+9JvKrC0=", "last_login": "2022-06-01T19:51:38.782Z", "is_superuser": false, "username": "user10", "first_name": "", "last_name": "", "email": "", "is_staff": false, "is_active": true, "date_joined": "2022-06-01T19:50:12.551Z", "groups": [2], "user_permissions": []}}, {"model": "auth.user", "pk": 10, "fields": {"password": "pbkdf2_sha256$320000$uVkrnrSrsdjIziKiXhYCCw$8ze9b/nOdbY+R5aFxSyMsbCNO5+0sfmCp3S7141/R5E=", "last_login": "2022-06-01T19:56:47.993Z", "is_superuser": false, "username": "user12", "first_name": "", "last_name": "", "email": "", "is_staff": false, "is_active": true, "date_joined": "2022-06-01T19:56:47.525Z", "groups": [2], "user_permissions": []}}, {"model": "auth.user", "pk": 11, "fields": {"password": "pbkdf2_sha256$320000$wkt0FI31ojushJOIOPhvzR$iehPT+B4+GeglwiJyyNaPzMLzeR61ZgWl+J2hoR89hg=", "last_login": "2022-06-01T20:01:20.136Z", "is_superuser": false, "username": "user13", "first_name": "", "last_name": "", "email": "", "is_staff": false, "is_active": true, "date_joined": "2022-06-01T19:59:25.755Z", "groups": [2], "user_permissions": []}}, {"model": "auth.user", "pk": 12, "fields": {"password": "pbkdf2_sha256$320000$rY1dhqbhRPE8Qdomu52rYq$Pliut1/rbi1e5MgQp/6UHwZ9blWInK63kK7EYxREPxQ=", "last_login": "2022-06-01T20:02:53.411Z", "is_superuser": false, "username": "user14", "first_name": "", "last_name": "", "email": "", "is_staff": false, "is_active": true, "date_joined": "2022-06-01T20:02:52.873Z", "groups": [2], "user_permissions": []}}, {"model": "auth.user", "pk": 13, "fields": {"password": "pbkdf2_sha256$320000$wo9h98Tr428W5muEevrIQ8$SB8HZD6zk+ztMME2WfPfpE6jEF4thItIjl1c3roFufQ=", "last_login": "2022-06-07T13:27:29.894Z", "is_superuser": false, "username": "user20", "first_name": "", "last_name": "", "email": "", "is_staff": false, "is_active": true, "date_joined": "2022-06-07T13:27:29.428Z", "groups": [2], "user_permissions": []}}, {"model": "contenttypes.contenttype", "pk": 1, "fields": {"app_label": "admin", "model": "logentry"}}, {"model": "contenttypes.contenttype", "pk": 2, "fields": {"app_label": "auth", "model": "permission"}}, {"model": "contenttypes.contenttype", "pk": 3, "fields": {"app_label": "auth", "model": "group"}}, {"model": "contenttypes.contenttype", "pk": 4, "fields": {"app_label": "auth", "model": "user"}}, {"model": "contenttypes.contenttype", "pk": 5, "fields": {"app_label": "contenttypes", "model": "contenttype"}}, {"model": "contenttypes.contenttype", "pk": 6, "fields": {"app_label": "sessions", "model": "session"}}, {"model": "contenttypes.contenttype", "pk": 7, "fields": {"app_label": "bookstore_app", "model": "author"}}, {"model": "contenttypes.contenttype", "pk": 8, "fields": {"app_label": "bookstore_app", "model": "book"}}, {"model": "contenttypes.contenttype", "pk": 9, "fields": {"app_label": "bookstore_app", "model": "genre"}}, {"model": "contenttypes.contenttype", "pk": 10, "fields": {"app_label": "bookstore_app", "model": "language"}}, {"model": "contenttypes.contenttype", "pk": 11, "fields": {"app_label": "bookstore_app", "model": "buy"}}, {"model": "contenttypes.contenttype", "pk": 12, "fields": {"app_label": "bookstore_app", "model": "rent"}}, {"model": "contenttypes.contenttype", "pk": 13, "fields": {"app_label": "bookstore_app", "model": "usermoney"}}, {"model": "sessions.session", "pk": "22gbiz820p7a7hkwqyekpbpvv8gdmfjw", "fields": {"session_data": "e30:1nyIZn:zLKhmeWuqfQZC1taqqC1TgnF86apnwPkHxGzckm-EA0", "expire_date": "2022-06-20T19:39:47.796Z"}}, {"model": "sessions.session", "pk": "28g1bz6dnztn5nw1o5nzu2knec2bqkfv", "fields": {"session_data": "e30:1nyIui:weseOTBuR7s1wZ9t_H21_qU-gsWbDA1kzta_YS4cQgw", "expire_date": "2022-06-20T20:01:24.285Z"}}, {"model": "sessions.session", "pk": "4q9b1xwcbk0zra0gp5bcwt9rvwqenj1s", "fields": {"session_data": "e30:1nyJ1D:OYkRxMEMePdRnQAtPzaCDP4mb8ovGo5T75UhUSG2c8M", "expire_date": "2022-06-20T20:08:07.941Z"}}, {"model": "sessions.session", "pk": "5pp42nmkcp8a5p2h7d2guknyj0t87dwb", "fields": {"session_data": "e30:1nyIgK:kxz7OdpTN3DlKbURp3vuiKiVVwlIkpkv2oF_CF9sKZ0", "expire_date": "2022-06-20T19:46:32.301Z"}}, {"model": "sessions.session", "pk": "89jlvm0xnqn2mov6n0ksz08ib3blk0s3", "fields": {"session_data": "eyJudW1fdmlzaXRzIjoyfQ:1o0fln:B-g1_jjWxdwGbkldBI4wiAi1jzhd0yKbqAsLSZJcN30", "expire_date": "2022-06-27T08:49:59.056Z"}}, {"model": "sessions.session", "pk": "bfqqig2kjkoqzf50xfgxer4l4yon1r6w", "fields": {"session_data": "e30:1nyIvQ:hkuMYhPgmFrS2oi45LQj5tvcNGjlRQfCCp3IxPwMtgY", "expire_date": "2022-06-20T20:02:08.686Z"}}, {"model": "sessions.session", "pk": "je1tsazxsbjza0gkxjgpi1dgaaxbwhe6", "fields": {"session_data": "e30:1nyItN:c1sIor4aBtEsvekEirmZzwXWgltZJKSCsXCuSQqrhAQ", "expire_date": "2022-06-20T20:00:01.704Z"}}, {"model": "sessions.session", "pk": "ku01fwbw3eg6edog7hgmjk84g5y3infk", "fields": {"session_data": ".eJxVjDsOwjAQBe_iGlkmXn9CSZ8zRLvrDQ4gW4qTCnF3iJQC2jcz76VG3NY8bk2WcU7qojp1-t0I-SFlB-mO5VY117IuM-ld0QdteqhJntfD_TvI2PK3dsjRdQEQYg9RwBJasYYgTn3CM1sXvID3TDGxRfaTYW8NsogQBFLvD-LQOJI:1nyatv:7VL0mKcv4KlvxkkvcC2QPz9CANuUn4PL8A4_GltGUyo", "expire_date": "2022-06-21T15:13:47.579Z"}}, {"model": "sessions.session", "pk": "ntjnk008cg0urz6bow3fh1p9qsdlji84", "fields": {"session_data": ".eJxVjEEOwiAQRe_C2hCgQMGle89AZphBqoYmpV0Z765NutDtf-_9l0iwrTVtnZc0kTgLI06_G0J-cNsB3aHdZpnnti4Tyl2RB-3yOhM_L4f7d1Ch12-t0RQszL5kCoFLUH6AUJzzgTHjmG1UsYyoKZIBnaPVBH5Qliw4dEq8PxojOMo:1nydPZ:-USRVmf_sz36Pkmkul3SavC5guCG0EA3Tk5Wg_o_te4", "expire_date": "2022-06-21T17:54:37.289Z"}}, {"model": "sessions.session", "pk": "plbpu44w4uu0juxwnej3r7dhf359muwv", "fields": {"session_data": "e30:1nyJFD:vrGxGA1yrdCOpNlYe7FmnGTdIHooMINIoDAzxBkrU-M", "expire_date": "2022-06-20T20:22:35.919Z"}}, {"model": "sessions.session", "pk": "r1xsb6fovi0sruqz4sw5fml81edrhd8x", "fields": {"session_data": ".eJxVjMsOwiAQRf-FtSHlUQGX7vsNZGYYpGogKe3K-O_apAvd3nPOfYkI21ri1nmJcxIXocXpd0OgB9cdpDvUW5PU6rrMKHdFHrTLqSV-Xg_376BAL99aQaaUAlpia5xnzpZpAD0aQ-yDR2JFxutgQCkcB58Rkwuez-SsC0q8PxZtOKI:1nyaxi:WTz7caa-nTFYE_82zxArjeFMqMkjd8M1Uqg7FuAqQdE", "expire_date": "2022-06-21T15:17:42.296Z"}}, {"model": "sessions.session", "pk": "rbplx5vwi9e8bv731jiblkyh1j0oscay", "fields": {"session_data": "e30:1nyIos:MAo6xLda1tFK-BYOPSmOOmHS_NAo65u9sSiNS1yseGc", "expire_date": "2022-06-20T19:55:22.270Z"}}, {"model": "sessions.session", "pk": "sbe32dcebfre6ny1rslbzbq24r5dhetb", "fields": {"session_data": ".eJxVjMsOwiAQRf-FtSHDG1y69xvIAINUDU1KuzL-uzbpQrf3nHNfLOK2trgNWuJU2JlJdvrdEuYH9R2UO_bbzPPc12VKfFf4QQe_zoWel8P9O2g42rc2wUFKQhhfAHKWQaliRLJVeKcwJCKrTA1VGYcOs1ZCuyADWO2hAFn2_gDG4Dbo:1nyamj:Jpje263lZ5hGAhJ-8x42OjPuxQUi00bk6htIse3yrLg", "expire_date": "2022-06-21T15:06:21.027Z"}}, {"model": "sessions.session", "pk": "u7x4q08gozu1kbj82mydw2k20olrd9bv", "fields": {"session_data": ".eJxVjEEOwiAQRe_C2hChnTK4dN8zkKHMSNVAUtqV8e7apAvd_vfef6lA25rD1ngJc1IXZdXpd4s0PbjsIN2p3KqealmXOepd0QdteqyJn9fD_TvI1PK3duzYWJQk7uy75AGs63yPMgh65N4TOAcSYyfIiQYgwSjCYMCjQVHvD9-1OB8:1nya7D:wmf2PD0XwlHngl8wktLrSpP5kMXLgSqpG3T5iyypc3g", "expire_date": "2022-06-21T14:23:27.865Z"}}, {"model": "sessions.session", "pk": "wxw9flib8p1lr1sszahvzmw0j9f1kk4n", "fields": {"session_data": "e30:1nvkxJ:xMUAFwolXLJkXRlWhn-y61cPSGjQD0WgsnEUY6gDlhQ", "expire_date": "2022-06-13T19:21:33.394Z"}}, {"model": "sessions.session", "pk": "y2g0vcomxyex0qcxeff2157ehiu3yavg", "fields": {"session_data": "e30:1nwUSV:EfiGXKjAGE3RZ_nV_AXezlinPymAR5UrZAmPRoTeWzA", "expire_date": "2022-06-15T19:56:47.986Z"}}, {"model": "bookstore_app.usermoney", "pk": 1, "fields": {"user": 2, "money": 650}}, {"model": "bookstore_app.usermoney", "pk": 2, "fields": {"user": 12, "money": 1000}}, {"model": "bookstore_app.usermoney", "pk": 3, "fields": {"user": 4, "money": 10}}, {"model": "bookstore_app.usermoney", "pk": 4, "fields": {"user": 5, "money": 0}}, {"model": "bookstore_app.usermoney", "pk": 5, "fields": {"user": 6, "money": 0}}, {"model": "bookstore_app.usermoney", "pk": 6, "fields": {"user": 7, "money": 0}}, {"model": "bookstore_app.usermoney", "pk": 7, "fields": {"user": 8, "money": 0}}, {"model": "bookstore_app.usermoney", "pk": 8, "fields": {"user": 10, "money": 0}}, {"model": "bookstore_app.usermoney", "pk": 9, "fields": {"user": 9, "money": 0}}, {"model": "bookstore_app.usermoney", "pk": 10, "fields": {"user": 11, "money": 0}}, {"model": "bookstore_app.usermoney", "pk": 11, "fields": {"user": 13, "money": 0}}, {"model": "bookstore_app.author", "pk": 1, "fields": {"surname": "Пушкин", "name": "Александр", "patronymic": "Сергеевич", "date_of_birth": "1799-05-26", "date_of_death": "1837-01-29"}}, {"model": "bookstore_app.author", "pk": 2, "fields": {"surname": "Толстой", "name": "Лев", "patronymic": "Николаевич", "date_of_birth": "1828-08-28", "date_of_death": "1910-11-07"}}, {"model": "bookstore_app.author", "pk": 3, "fields": {"surname": "Тургенев", "name": "Иван", "patronymic": "Сергеевич", "date_of_birth": "1818-10-28", "date_of_death": "1883-09-03"}}, {"model": "bookstore_app.author", "pk": 4, "fields": {"surname": "Чехов", "name": "Антон", "patronymic": "Павлович", "date_of_birth": "1860-01-17", "date_of_death": "1904-07-02"}}, {"model": "bookstore_app.author", "pk": 5, "fields": {"surname": "Шолохов", "name": "Михаил", "patronymic": "Александрович", "date_of_birth": "1905-05-11", "date_of_death": "1984-02-21"}}, {"model": "bookstore_app.author", "pk": 6, "fields": {"surname": "Булгаков", "name": "Михаил", "patronymic": "Афанасьевич", "date_of_birth": "1891-05-03", "date_of_death": "1940-03-10"}}, {"model": "bookstore_app.author", "pk": 7, "fields": {"surname": "Достоевский", "name": "Федор", "patronymic": "Михайлович", "date_of_birth": "1821-10-30", "date_of_death": "1881-02-09"}}, {"model": "bookstore_app.author", "pk": 8, "fields": {"surname": "Жуковский", "name": "Василий", "patronymic": "Андреевич", "date_of_birth": "1783-01-29", "date_of_death": "1852-04-12"}}, {"model": "bookstore_app.author", "pk": 9, "fields": {"surname": "Лермонтов", "name": "Михаил", "patronymic": "Юрьевич", "date_of_birth": "1814-10-03", "date_of_death": "1841-07-15"}}, {"model": "bookstore_app.author", "pk": 10, "fields": {"surname": "Скотт", "name": "Вальтер", "patronymic": null, "date_of_birth": "1771-08-15", "date_of_death": "1832-09-21"}}, {"model": "bookstore_app.author", "pk": 11, "fields": {"surname": "Дюма", "name": "Александр", "patronymic": null, "date_of_birth": "1802-07-24", "date_of_death": "1870-12-05"}}, {"model": "bookstore_app.author", "pk": 12, "fields": {"surname": "Ремарк", "name": "Эрих", "patronymic": "Мария", "date_of_birth": "1898-06-22", "date_of_death": "1970-09-25"}}, {"model": "bookstore_app.author", "pk": 13, "fields": {"surname": "Глуховский", "name": "Дмитрий", "patronymic": "Алексеевич", "date_of_birth": "1979-06-12", "date_of_death": null}}, {"model": "bookstore_app.author", "pk": 14, "fields": {"surname": "Гоголь", "name": "Николай", "patronymic": "Васильевич", "date_of_birth": "1809-04-01", "date_of_death": "1852-03-04"}}, {"model": "bookstore_app.author", "pk": 15, "fields": {"surname": "Франц", "name": "Кафка", "patronymic": null, "date_of_birth": "1883-07-03", "date_of_death": "1924-06-03"}}, {"model": "bookstore_app.author", "pk": 16, "fields": {"surname": "Кафка", "name": "Франц", "patronymic": null, "date_of_birth": "1883-07-03", "date_of_death": "1924-06-03"}}, {"model": "bookstore_app.genre", "pk": 1, "fields": {"genre": "Проза"}}, {"model": "bookstore_app.genre", "pk": 2, "fields": {"genre": "Роман"}}, {"model": "bookstore_app.genre", "pk": 3, "fields": {"genre": "Повесть"}}, {"model": "bookstore_app.genre", "pk": 4, "fields": {"genre": "Поэма"}}, {"model": "bookstore_app.genre", "pk": 5, "fields": {"genre": "Рассказ"}}, {"model": "bookstore_app.genre", "pk": 6, "fields": {"genre": "Басня"}}, {"model": "bookstore_app.genre", "pk": 7, "fields": {"genre": "Сказка"}}, {"model": "bookstore_app.genre", "pk": 8, "fields": {"genre": "Пьеса"}}, {"model": "bookstore_app.genre", "pk": 9, "fields": {"genre": "Стихотворение"}}, {"model": "bookstore_app.language", "pk": 1, "fields": {"language": "Русский"}}, {"model": "bookstore_app.language", "pk": 2, "fields": {"language": "Немецкий"}}, {"model": "bookstore_app.language", "pk": 3, "fields": {"language": "Французский"}}, {"model": "bookstore_app.language", "pk": 4, "fields": {"language": "Английский"}}, {"model": "bookstore_app.language", "pk": 5, "fields": {"language": "Испанский"}}, {"model": "bookstore_app.language", "pk": 6, "fields": {"language": "Итальянский"}}, {"model": "bookstore_app.book", "pk": 1, "fields": {"title": "Руслан и Людмила", "image": "media/ruslan-i-lyudmila-kratkoe-soderganie.jpg", "summary": "Поэма «Руслан и Людмила» – волшебная сказка, написанная в 1818 – 1820 годах. На создание произведения автора вдохновил русский народный фольклор, русские былины и лубочные повести. Поэма Пушкина «Руслан и Людмила» насыщена элементами гротескной фантастики, просторечной лексикой и добродушной иронией автора. По мнению литературоведов, произведение является пародией на рыцарские романы и романтические баллады Жуковского.", "author": 1, "language": 1, "price": 50, "count": 10, "genre": [4]}}, {"model": "bookstore_app.book", "pk": 2, "fields": {"title": "Капитанская дочка", "image": "media/kapitanskaya_dochka-kratkoe-soderganie.jpg", "summary": "Историческую повесть «Капитанская дочка» Пушкин впервые опубликовал в 1836 году. По мнению исследователей, произведение находится на стыке романтизма и реализма. Точно не определен и жанр – некоторые считают «Капитанскую дочку» повестью, другие – полноценным романом.", "author": 1, "language": 1, "price": 50, "count": 0, "genre": [3]}}, {"model": "bookstore_app.book", "pk": 3, "fields": {"title": "Евгений Онегин", "image": "media/evgeniy-onegin-kratkoe-soderganie.jpg", "summary": "Роман «Евгений Онегин» был написан Александром Сергеевичем Пушкиным в 1823 – 1831 годах. Произведение является одним из наиболее значимых творений русской литературы, по словам Белинского, это «энциклопедия русской жизни» начала ХІХ века.", "author": 1, "language": 1, "price": 50, "count": 10, "genre": [2]}}, {"model": "bookstore_app.book", "pk": 4, "fields": {"title": "Сказка о царе Салтане", "image": "media/skazka-o-tsare-saltane-kratkoe-soderganie_fHKnTeG.jpg", "summary": "«Сказка о Царе Салтане» – замечательное произведение А. С. Пушкина, в котором описаны приключения юного князя Гвидона, его знакомство с Царевной Лебедью и воссоединение с отцом, царём Салтаном.", "author": 1, "language": 1, "price": 50, "count": 10, "genre": [7]}}, {"model": "bookstore_app.book", "pk": 5, "fields": {"title": "Война и мир", "image": "media/voyna-i-mir-kratkoe-soderganie.jpg", "summary": "«Война и мир» относится к литературному направлению реализм: в книге подробно описан ряд ключевых исторических событий, изображены типичные для российского общества персонажи, основной конфликт – «герой и общество». Жанр произведения роман эпопея: «Война и мир» включает в себя как признаки романа (наличие нескольких сюжетных линий, описание развития персонажей и кризисных моментов в их судьбе), так и эпопеи (глобальные исторические события, всеохватывающий характер изображения действительности).", "author": 2, "language": 1, "price": 50, "count": 10, "genre": [2]}}, {"model": "bookstore_app.book", "pk": 6, "fields": {"title": "Анна Каренина", "image": "media/anna-karenina-kratkoe-soderganie.jpg", "summary": "Роман «Анна Каренина» Толстого, написанный в 1877 году, повествует о трагической любви замужней дамы Анны Карениной. В своей книге автору удалось представить масштабную картину быта и нравов дворянской прослойки Москвы и Петербурга образца второй половины XIX века.", "author": 2, "language": 1, "price": 50, "count": 10, "genre": [2]}}, {"model": "bookstore_app.book", "pk": 7, "fields": {"title": "Хаджи Мурат", "image": "media/khadzhi-murat-kratkoe-soderganie.jpg", "summary": "Повесть «Хаджи-Мурат» Толстого была написана в 1904 году, но напечатана только в 1912 году, уже после смерти писателя. Главный герой книги – Хаджи-Мурат – реальное историческое лицо. История жизни этого человека глубоко впечатлила Льва Николаевича, который юношей служил на Кавказе во время войны.", "author": 2, "language": 1, "price": 50, "count": 9, "genre": [3]}}, {"model": "bookstore_app.book", "pk": 8, "fields": {"title": "Воскресенье", "image": "media/Tolsoy-Res-Awake_008_qXW2zFQ.jpg", "summary": "«Воскресе́ние» — последний роман Льва Николаевича Толстого, написанный им в 1889—1899 годах. Социальная панорама русской жизни конца XIX века от высших до низших слоёв: в романе фигурируют аристократы, петербургские чиновники, крестьяне, каторжники, революционеры и политические заключённые.", "author": 2, "language": 1, "price": 50, "count": 10, "genre": [2]}}, {"model": "bookstore_app.book", "pk": 9, "fields": {"title": "Отцы и дети", "image": "media/otcy-i-deti-kratkoe-soderganie.jpg", "summary": "Роман Тургенева «Отцы и дети» был написан в 1861 году. Ему сразу же было суждено стать символом эпохи. Автор особенно четко выразил проблему взаимоотношения двух поколений.", "author": 3, "language": 1, "price": 50, "count": 10, "genre": [2]}}, {"model": "bookstore_app.book", "pk": 10, "fields": {"title": "Ася", "image": "media/asya-kratkoe-soderganie.jpg", "summary": "Повесть «Ася» Тургенева была написана в 1857 году. В ней автор рассказывает о трагической любви 25-летнего светского мужчины и 17-летней девушки. Рассказ написан от первого лица, некого Н.Н., который вспоминает историю любви, приключившуюся с ним во времена его молодости.", "author": 3, "language": 1, "price": 50, "count": 9, "genre": [3]}}, {"model": "bookstore_app.book", "pk": 11, "fields": {"title": "Каштанка", "image": "media/kashtanka-kratkoe-soderganie.jpg", "summary": "Главным персонажем является собачка, все события читатель видит её глазами, понимает её переживания, чувства и мысли. Основной мотив рассказа — преданность, которая побуждает собаку вернуться к прежнему хозяину, отказавшись  от сытой жизни цирковой “артистки”.", "author": 4, "language": 1, "price": 50, "count": 10, "genre": [5]}}, {"model": "bookstore_app.book", "pk": 12, "fields": {"title": "Палата №6", "image": "media/palata-nomer-6-kratkoe-soderganie.jpg", "summary": "Повесть «Палата номер 6» Чехова был написан и опубликован в 1892 году в литературном журнале «Русская мысль». Это одно из лучших произведений писателя, в котором он в полной мере раскрыл темы одиночества, лицемерия и пошлости жизни в затхлой российской глубинке.", "author": 4, "language": 1, "price": 50, "count": 8, "genre": [3]}}, {"model": "bookstore_app.book", "pk": 13, "fields": {"title": "Вишневый сад", "image": "media/vishnyovyj-sad-kratkoe-soderganie.jpg", "summary": "Когда мы говорим о творчестве А.П. Чехова, сразу же в памяти всплывают его небольшие юмористические рассказы, наполненные глубоким смыслом, а часто и трагизмом. Для театралов же он, прежде всего – один из самых выдающихся драматургов конца XIX – начала XX века. Пьеса Чехова «Вишневый сад» стала последней в его творчестве. Написанная в 1903 году, она была поставлена на сцене любимого им Московского художественного театра в 1904 г.  и стала итогом раздумий о судьбах России.", "author": 4, "language": 1, "price": 20, "count": 10, "genre": [8]}}, {"model": "bookstore_app.book", "pk": 14, "fields": {"title": "Тихий Дон", "image": "media/tihiy-don-kratkoe-soderganie.jpg", "summary": "Роман «Тихий Дон» Шолохова является монументальным произведением русской литературы ХХ века. В книге изображена жизнь донского казачества в период Первой мировой войны, революции 1917 года и Гражданской войны в России. События романа охватывают период с мая 1912 года по март 1922.", "author": 5, "language": 1, "price": 50, "count": 10, "genre": [2]}}, {"model": "bookstore_app.book", "pk": 15, "fields": {"title": "Поднятая целина", "image": "media/podnyataya-tselina-kratkoe-soderganie.jpg", "summary": "Роман «Поднятая целина» Шолохова посвящен событиям, происходившим в деревне и в корне поменявшим ее привычный уклад: коллективизации, раскулачиванию и массовому переходу крестьян в колхозы. Первый том книги был написан в 1932 году, второй – в 1959 году.", "author": 5, "language": 1, "price": 50, "count": 10, "genre": [2]}}, {"model": "bookstore_app.book", "pk": 16, "fields": {"title": "Мастер и Маргарита", "image": "media/master-i-margarita-kratkoe-soderganie.jpg", "summary": "Роман «Мастер и Маргарита» Булгакова (1928-1940) – книга в книге. В рассказ о визите сатаны в Москву начала ХХ века вписана новелла по мотивам Нового Завета, которую якобы сочинил один из булгаковских персонажей – Мастер. В конце два произведения соединяются: Мастер встречает своего главного героя – прокуратора Иудеи Понтия Пилата – и милосердно решает его судьбу.", "author": 6, "language": 1, "price": 50, "count": 8, "genre": [2]}}, {"model": "bookstore_app.book", "pk": 17, "fields": {"title": "Собачье сердце", "image": "media/sobache-serdce-kratkoe-soderganie.jpg", "summary": "Повесть «Собачье сердце» Булгаков написал в 1925 году. В это время были очень популярны идеи улучшения человеческой породы с помощью передовых достижений науки. Герой Булгакова, профессор с мировым именем Преображенский, в попытке разгадать секрет вечной молодости случайно делает открытие, позволяющее хирургическим путем превратить животное в человека. Однако эксперимент по пересадке собаке человеческого гипофиза дает совершенно неожиданный результат.", "author": 6, "language": 1, "price": 50, "count": 10, "genre": [3]}}, {"model": "bookstore_app.book", "pk": 19, "fields": {"title": "Преступление и наказание", "image": "media/prestuplenie-i-nakazanie-kratkoe-soderganie.jpg", "summary": "Роман Федора Михайловича Достоевского «Преступление и наказание» был написан в 1866 году. Замысел произведения появился у писателя еще в 1859, когда он отбывал наказание на каторге. Изначально Достоевский собирался написать роман «Преступление и наказание» в форме исповеди, но в процессе работы первоначальная идея постепенно изменилась и, описывая свое новое произведение редактору журнала «Русский вестник» (в котором книгу впервые напечатали), автор характеризует роман как «психологический отчет", "author": 7, "language": 1, "price": 50, "count": 10, "genre": [2]}}, {"model": "bookstore_app.book", "pk": 20, "fields": {"title": "Бесы", "image": "media/besy-kratkoe-soderganie_suFOmcl.jpg", "summary": "Роман «Бесы» Достоевского написан в 1872 году. Это одно из наиболее политизированных произведений писателя, которое он написал под впечатлением от деятельности зарождающихся террористических и революционных движений в России.", "author": 7, "language": 1, "price": 60, "count": 10, "genre": [2]}}, {"model": "bookstore_app.book", "pk": 22, "fields": {"title": "Герой нашего времени", "image": "media/geroy-nashego-vremeni-kratkoe-soderganie.jpg", "summary": "Над романом «Герой нашего времени» М. Ю. Лермонтов работал в 1838-1840 гг. Идея написать роман родилась еще во время ссылки писателя на Кавказ в 1838 году. Первые главы романа (“Бэла”, “Фаталист” и “Тамань”) были изданы в течение одного года в журнале «Отечественные записки». Они вызвали интерес со стороны читателей. Лермонтов, видя популярность этих произведений, объединил их в один большой роман.", "author": 9, "language": 1, "price": 50, "count": 10, "genre": [2]}}, {"model": "bookstore_app.book", "pk": 23, "fields": {"title": "Смерть поэта", "image": "", "summary": "Стихотворение Михаила Лермонтова о трагической гибели великого поэта Александра Сергеевича Пушкина и вине высшего общества в смерти Поэта.", "author": 9, "language": 1, "price": 50, "count": 10, "genre": [9]}}, {"model": "bookstore_app.book", "pk": 25, "fields": {"title": "Черный карлик", "image": "media/cherny_karlik.jpeg", "summary": "Главным героем романа является реально существовавший карлик Дэвид Ри́тчи с которым писатель познакомился летом 1797 года. Молодой Скотт навещал своего друга Адама Фергюсона. Ритчи, родившийся в 1735 году, был известной фигурой в тех краях. Эксцентричный, раздражительный, подозрительный и завистливый, он также очень чувствительно относился к насмешкам и даже чужим взглядам, ненавидел детей и чужаков, но чрезвычайно любил природу и мог часами любоваться красивым пейза", "author": 10, "language": 4, "price": 50, "count": 10, "genre": [2]}}, {"model": "bookstore_app.book", "pk": 26, "fields": {"title": "Айвенго", "image": "ayvengo-kratkoe-soderganie.jpg", "summary": "Роман «Айвенго» Скотт написал в 1819 и в этом же году опубликовал под псевдонимом «Уэверли». Книга является одним из самых первых и известных исторических романов, классикой приключенческой литературы, относится к художественному направлению романтизм. Действие произведения происходит в XII веке в Англии после третьего крестового похода, в период правления короля Ричарда I.", "author": 10, "language": 4, "price": 50, "count": 9, "genre": [2]}}, {"model": "bookstore_app.book", "pk": 27, "fields": {"title": "Мармион", "image": "media/BC4_1490723511.jpg", "summary": "Лорд Мармион, приближённый английского короля Генриха VIII, питает страсть к Кларе де Клэр. Со своей любовницей Констанс де Беверли он подделывает письмо, обвиняя в нём сэра Ральфа де Вильтона, жениха Клары, в неверности. Нечестивая монахиня Констанс надеется своим участием вернуть расположение Мармиона. Потерпев поражение на дуэли в попытке отстоять свою честь, де Вильтон отправляется в изгнание. Клара предпочитает монастырь вниманию Мармиона", "author": 10, "language": 4, "price": 50, "count": 8, "genre": [2]}}, {"model": "bookstore_app.book", "pk": 28, "fields": {"title": "Три мушкетера", "image": "media/tri-mushketera-kratkoe-soderganie.jpg", "summary": "Роман «Три мушкетера» Дюма был написан в 1844 году. Это увлекательная история о приключениях юноши по имени д’Артаньян и его трех друзей-мушкетеров – Атоса, Портоса и Арамиса, живших в начале XVII века. На протяжении многих лет книга неизменно пользуется большим успехом у детей и взрослых.", "author": 11, "language": 3, "price": 50, "count": 8, "genre": [2]}}, {"model": "bookstore_app.book", "pk": 29, "fields": {"title": "Граф Монте-Кристо", "image": "media/graf-monte-kristo-kratkoe-soderganie.jpg", "summary": "Приключенческий роман «Граф Монте-Кристо» Дюма был написан в 1845 году. Толчком к его написанию послужило путешествие писателя по Средиземному морю, во время которого он посетил остров Монтекристо, окутанный легендами.", "author": 11, "language": 3, "price": 50, "count": 10, "genre": [2]}}, {"model": "bookstore_app.book", "pk": 30, "fields": {"title": "На Западном фронте без перемен", "image": "media/na-zapadnom-fronte-bez-peremen-kratkoe-soderganie.jpg", "summary": "Роман «На Западном фронте без перемен» Ремарка был написан в 1929 году. Книга повествует о Первой мировой войне, принесшей немало страданий, а также о «потерянном поколении» молодых людей, так и не сумевших найти себя в условиях мирной жизни.", "author": 12, "language": 2, "price": 50, "count": 5, "genre": [2]}}, {"model": "bookstore_app.book", "pk": 31, "fields": {"title": "Три товарища", "image": "media/tri-tovarishcha-kratkoe-soderganie.jpg", "summary": "Над написанием романа «Три товарища» Ремарк трудился четыре года и завершил его в 1936 году. Поначалу это было небольшое произведение под названием «Пат», которое спустя время трансформировалось в полноценную книгу о любви, декорацией к которой послужила послевоенная Германия.", "author": 12, "language": 2, "price": 50, "count": 8, "genre": [2]}}, {"model": "bookstore_app.book", "pk": 32, "fields": {"title": "Метро 2033", "image": "media/index.jpeg", "summary": "«Метро 2033» — постапокалиптический роман Дмитрия Глуховского, описывающий жизнь людей в московском метро после ядерной войны на Земле.", "author": 13, "language": 1, "price": 50, "count": 9, "genre": [2]}}, {"model": "bookstore_app.book", "pk": 33, "fields": {"title": "Текст", "image": "media/Dmitrij_Gluhovskij__Tekst_wTRG1hK.jpeg", "summary": "Повествует о нескольких днях из жизни студента-филолога, вернувшегося в Москву после тюрьмы. Автор обращает внимание на то, как за несколько лет технологии изменили отношения людей, а телефон стал вторым «я» человека.", "author": 13, "language": 1, "price": 50, "count": 10, "genre": [2]}}, {"model": "bookstore_app.book", "pk": 34, "fields": {"title": "Пиковая дама", "image": "media/pikovaya-dama-kratkoe-soderganie.jpg", "summary": "«Пиковая дама» Пушкина написана в традициях литературного направления реализм. Идея и сюжет произведения были подсказаны писателю молодым князем Голицыным, который как-то смог отыграться, поставив, по совету своей бабушки Н. П. Голицыной, во время игры на три карты. Голицыной в свое время подсказал эти карты сам Сен-Жермен.", "author": 1, "language": 1, "price": 50, "count": 10, "genre": [3]}}, {"model": "bookstore_app.book", "pk": 35, "fields": {"title": "Бирюк", "image": "media/biryuk-kratkoe-soderganie.jpg", "summary": "Рассказ «Бирюк» И. С. Тургенева был написан в 1847 году и вошел в цикл произведений писателя о жизни, традициях и быте русского народа «Записки охотника». Рассказ относится к литературному направлению реализм. В «Бирюке» автор описал свои воспоминания о жизни крестьян в Орловской губернии.", "author": 3, "language": 1, "price": 50, "count": 10, "genre": [5]}}, {"model": "bookstore_app.book", "pk": 36, "fields": {"title": "Дубровский", "image": "media/dubrovskiy-kratkoe-soderganie.jpg", "summary": "В романе поднимаются социальные проблемы, такие как защита собственной чести, конфликт отцов и детей, отсутствие равноправия между представителями одного социального слоя.", "author": 1, "language": 1, "price": 50, "count": 10, "genre": [2]}}, {"model": "bookstore_app.book", "pk": 37, "fields": {"title": "Кавказский пленник", "image": "media/kavkazskiy-plennik-kratkoe-soderganie.jpg", "summary": "Рассказ Л. Н. Толстого “Кавказский пленник” был написан в 1872 году и относится к литературному направлению реализм. Название произведения отсылает читателя к поэме А. С. Пушкина «Кавказский пленник». Однако в отличие от предшественника, Толстой в своем рассказе изобразил не романтического, идеализированного персонажа, а обычного русского офицера Жилина – храброго, трудолюбивого и человечного героя, способного всегда найти выход из трудной ситуации.", "author": 2, "language": 1, "price": 50, "count": 9, "genre": [5]}}, {"model": "bookstore_app.book", "pk": 38, "fields": {"title": "Утес", "image": "", "summary": "Стихотворение “Утёс” Михаил Лермонтов написал всего за несколько недель до своей гибели, которую, очевидно, предчувствовал.", "author": 9, "language": 1, "price": 50, "count": 10, "genre": [9]}}, {"model": "bookstore_app.book", "pk": 39, "fields": {"title": "Чужая кровь", "image": "media/chuzhaya-krov-kratkoe-soderganie.jpg", "summary": "Рассказ «Чужая кровь» Шолохова, написанный в 1926 году, повествует о тяжёлом времени для России — революции и последовавшей за ней Гражданской войне. Потеряв на этой братоубийственной войне единственного сына, старики всем сердцем привязались к пареньку, которого выходили после перестрелки.", "author": 5, "language": 1, "price": 50, "count": 10, "genre": [5]}}, {"model": "bookstore_app.book", "pk": 40, "fields": {"title": "Записки охотника", "image": "media/zapiski-okhotnika-kratkoe-soderganie.jpg", "summary": "Цикл рассказов «Записки охотника» Тургенева публиковался в 1847 – 1851 годах в журнале «Современник». Отдельным изданием книга вышла в 1852 году. Главный герой сборника, от лица которого ведется повествование, – молодой барин, охотник Петр Петрович, он ездит по ближайшим деревням и пересказывает свои впечатления о жизни русских помещиков, крестьян, описывает живописную природу.", "author": 3, "language": 1, "price": 50, "count": 10, "genre": [5]}}, {"model": "bookstore_app.book", "pk": 41, "fields": {"title": "Отрочество", "image": "media/otrochestvo-kratkoe-soderganie.jpg", "summary": "Повесть «Отрочество» Л. Н. Толстого была написана в 1852 – 1853 годах, став вторым произведением в псевдоавтобиографической трилогии автора. Повесть относится к литературному направлению реализм. В «Отрочестве» Толстой описывает события из жизни подростка: как он реагирует на окружающий мир и что чувствует по отношению к близким людям. Вместе с главным героем читатель преодолевает сложный путь становления и взросления личности.", "author": 2, "language": 1, "price": 60, "count": 10, "genre": [3]}}, {"model": "bookstore_app.buy", "pk": 4, "fields": {"user": 2, "book": 26}}, {"model": "bookstore_app.buy", "pk": 5, "fields": {"user": 2, "book": 3}}, {"model": "bookstore_app.buy", "pk": 7, "fields": {"user": 2, "book": 2}}, {"model": "bookstore_app.buy", "pk": 8, "fields": {"user": 2, "book": 13}}, {"model": "bookstore_app.buy", "pk": 10, "fields": {"user": 2, "book": 17}}, {"model": "bookstore_app.buy", "pk": 11, "fields": {"user": 2, "book": 33}}, {"model": "bookstore_app.buy", "pk": 13, "fields": {"user": 4, "book": 28}}, {"model": "bookstore_app.buy", "pk": 14, "fields": {"user": 4, "book": 23}}, {"model": "bookstore_app.buy", "pk": 34, "fields": {"user": 2, "book": 32}}, {"model": "bookstore_app.buy", "pk": 35, "fields": {"user": 2, "book": 16}}, {"model": "bookstore_app.buy", "pk": 37, "fields": {"user": 4, "book": 16}}, {"model": "bookstore_app.buy", "pk": 38, "fields": {"user": 4, "book": 32}}, {"model": "bookstore_app.buy", "pk": 39, "fields": {"user": 4, "book": 32}}, {"model": "bookstore_app.buy", "pk": 40, "fields": {"user": 4, "book": 32}}, {"model": "bookstore_app.buy", "pk": 41, "fields": {"user": 4, "book": 30}}, {"model": "bookstore_app.buy", "pk": 42, "fields": {"user": 4, "book": 30}}, {"model": "bookstore_app.buy", "pk": 43, "fields": {"user": 4, "book": 27}}, {"model": "bookstore_app.buy", "pk": 44, "fields": {"user": 4, "book": 3}}, {"model": "bookstore_app.buy", "pk": 45, "fields": {"user": 5, "book": 26}}, {"model": "bookstore_app.buy", "pk": 46, "fields": {"user": 2, "book": 30}}, {"model": "bookstore_app.buy", "pk": 47, "fields": {"user": 2, "book": 37}}, {"model": "bookstore_app.buy", "pk": 48, "fields": {"user": 3, "book": 5}}, {"model": "bookstore_app.buy", "pk": 50, "fields": {"user": 2, "book": 30}}, {"model": "bookstore_app.buy", "pk": 51, "fields": {"user": 2, "book": 16}}, {"model": "bookstore_app.rent", "pk": 2, "fields": {"user": 4, "book": 28, "date_start": "2022-05-15", "date_return": "2022-05-29"}}, {"model": "bookstore_app.rent", "pk": 3, "fields": {"user": 4, "book": 7, "date_start": "2022-05-15", "date_return": "2022-05-29"}}, {"model": "bookstore_app.rent", "pk": 4, "fields": {"user": 4, "book": 12, "date_start": "2022-05-15", "date_return": "2022-05-29"}}, {"model": "bookstore_app.rent", "pk": 6, "fields": {"user": 8, "book": 31, "date_start": "2022-05-30", "date_return": "2022-06-13"}}, {"model": "bookstore_app.rent", "pk": 7, "fields": {"user": 8, "book": 30, "date_start": "2022-05-31", "date_return": "2022-06-14"}}]